"","X","Date","hour","temperature","Year","month","day","Day.Of.Week","Weekday","PeakHour","kWh"
"1",1,"2014-12-01",0,51.98,2014,12,1,0,1,0,75.8750862782893
"2",2,"2014-12-01",1,51.98,2014,12,1,0,1,0,75.8750862782893
"3",3,"2014-12-01",2,51.08,2014,12,1,0,1,0,75.8750862782893
"4",4,"2014-12-01",3,51.08,2014,12,1,0,1,0,75.8750862782893
"5",5,"2014-12-01",4,51.08,2014,12,1,0,1,0,75.8750862782893
"6",6,"2014-12-01",5,51.08,2014,12,1,0,1,0,75.8750862782893
"7",7,"2014-12-01",6,50,2014,12,1,0,1,0,75.8750862782893
"8",8,"2014-12-01",7,53.06,2014,12,1,0,1,1,122.301742804286
"9",9,"2014-12-01",8,55.94,2014,12,1,0,1,1,122.301742804286
"10",10,"2014-12-01",9,60.08,2014,12,1,0,1,1,122.301742804286
"11",11,"2014-12-01",10,60.08,2014,12,1,0,1,1,122.301742804286
"12",12,"2014-12-01",11,62.06,2014,12,1,0,1,1,122.301742804286
"13",13,"2014-12-01",12,62.96,2014,12,1,0,1,1,122.301742804286
"14",14,"2014-12-01",13,60.98,2014,12,1,0,1,1,122.301742804286
"15",15,"2014-12-01",14,57.92,2014,12,1,0,1,1,122.301742804286
"16",16,"2014-12-01",15,55.04,2014,12,1,0,1,1,129.839707175694
"17",17,"2014-12-01",16,53.06,2014,12,1,0,1,1,129.839707175694
"18",18,"2014-12-01",17,51.08,2014,12,1,0,1,1,129.839707175694
"19",19,"2014-12-01",18,48.92,2014,12,1,0,1,1,129.839707175694
"20",20,"2014-12-01",19,48.02,2014,12,1,0,1,1,129.839707175694
"21",21,"2014-12-01",20,46.94,2014,12,1,0,1,0,75.8750862782893
"22",22,"2014-12-01",21,42.98,2014,12,1,0,1,0,75.8750862782893
"23",23,"2014-12-01",22,41,2014,12,1,0,1,0,75.8750862782893
"24",24,"2014-12-01",23,39.02,2014,12,1,0,1,0,75.8750862782893
"25",25,"2014-12-02",0,37.94,2014,12,2,1,1,0,75.8750862782893
"26",26,"2014-12-02",1,37.04,2014,12,2,1,1,0,75.8750862782893
"27",27,"2014-12-02",2,35.96,2014,12,2,1,1,0,75.8750862782893
"28",28,"2014-12-02",3,35.06,2014,12,2,1,1,0,75.8750862782893
"29",29,"2014-12-02",4,35.06,2014,12,2,1,1,0,75.8750862782893
"30",30,"2014-12-02",5,33.98,2014,12,2,1,1,0,75.8750862782893
"31",31,"2014-12-02",6,33.98,2014,12,2,1,1,0,75.8750862782893
"32",32,"2014-12-02",7,33.08,2014,12,2,1,1,1,122.301742804286
"33",33,"2014-12-02",8,33.08,2014,12,2,1,1,1,122.301742804286
"34",34,"2014-12-02",9,33.98,2014,12,2,1,1,1,122.301742804286
"35",35,"2014-12-02",10,35.06,2014,12,2,1,1,1,122.301742804286
"36",36,"2014-12-02",11,37.04,2014,12,2,1,1,1,122.301742804286
"37",37,"2014-12-02",12,37.04,2014,12,2,1,1,1,122.301742804286
"38",38,"2014-12-02",13,37.04,2014,12,2,1,1,1,122.301742804286
"39",39,"2014-12-02",14,37.04,2014,12,2,1,1,1,122.301742804286
"40",40,"2014-12-02",15,37.22,2014,12,2,1,1,1,129.839707175694
"41",41,"2014-12-02",16,35.96,2014,12,2,1,1,1,129.839707175694
"42",42,"2014-12-02",17,35.96,2014,12,2,1,1,1,129.839707175694
"43",43,"2014-12-02",18,36.68,2014,12,2,1,1,1,129.839707175694
"44",44,"2014-12-02",19,37.04,2014,12,2,1,1,1,129.839707175694
"45",45,"2014-12-02",20,37.67,2014,12,2,1,1,0,75.8750862782893
"46",46,"2014-12-02",21,39.02,2014,12,2,1,1,0,75.8750862782893
"47",47,"2014-12-02",22,39.32,2014,12,2,1,1,0,75.8750862782893
"48",48,"2014-12-02",23,41,2014,12,2,1,1,0,75.8750862782893
"49",49,"2014-12-03",0,42.89,2014,12,3,2,1,0,75.8750862782893
"50",50,"2014-12-03",1,43.82,2014,12,3,2,1,0,75.8750862782893
"51",51,"2014-12-03",2,44.96,2014,12,3,2,1,0,75.8750862782893
"52",52,"2014-12-03",3,44.78,2014,12,3,2,1,0,75.8750862782893
"53",53,"2014-12-03",4,45.14,2014,12,3,2,1,0,75.8750862782893
"54",54,"2014-12-03",5,45.23,2014,12,3,2,1,0,75.8750862782893
"55",55,"2014-12-03",6,37.58,2014,12,3,2,1,0,75.8750862782893
"56",56,"2014-12-03",7,37.22,2014,12,3,2,1,1,122.301742804286
"57",57,"2014-12-03",8,37.94,2014,12,3,2,1,1,122.301742804286
"58",58,"2014-12-03",9,39.02,2014,12,3,2,1,1,122.301742804286
"59",59,"2014-12-03",10,40.1,2014,12,3,2,1,1,122.301742804286
"60",60,"2014-12-03",11,44.06,2014,12,3,2,1,1,122.301742804286
"61",61,"2014-12-03",12,46.31,2014,12,3,2,1,1,122.301742804286
"62",62,"2014-12-03",13,50,2014,12,3,2,1,1,122.301742804286
"63",63,"2014-12-03",14,51.08,2014,12,3,2,1,1,122.301742804286
"64",64,"2014-12-03",15,51.44,2014,12,3,2,1,1,129.839707175694
"65",65,"2014-12-03",16,50,2014,12,3,2,1,1,129.839707175694
"66",66,"2014-12-03",17,50,2014,12,3,2,1,1,129.839707175694
"67",67,"2014-12-03",18,50,2014,12,3,2,1,1,129.839707175694
"68",68,"2014-12-03",19,49.46,2014,12,3,2,1,1,129.839707175694
"69",69,"2014-12-03",20,48.02,2014,12,3,2,1,0,75.8750862782893
"70",70,"2014-12-03",21,42.98,2014,12,3,2,1,0,75.8750862782893
"71",71,"2014-12-03",22,42.08,2014,12,3,2,1,0,75.8750862782893
"72",72,"2014-12-03",23,39.92,2014,12,3,2,1,0,75.8750862782893
"73",73,"2014-12-04",0,39.02,2014,12,4,3,1,0,75.8750862782893
"74",74,"2014-12-04",1,37.94,2014,12,4,3,1,0,75.8750862782893
"75",75,"2014-12-04",2,37.94,2014,12,4,3,1,0,75.8750862782893
"76",76,"2014-12-04",3,37.04,2014,12,4,3,1,0,75.8750862782893
"77",77,"2014-12-04",4,37.04,2014,12,4,3,1,0,75.8750862782893
"78",78,"2014-12-04",5,33.98,2014,12,4,3,1,0,75.8750862782893
"79",79,"2014-12-04",6,33.98,2014,12,4,3,1,0,75.8750862782893
"80",80,"2014-12-04",7,35.06,2014,12,4,3,1,1,122.301742804286
"81",81,"2014-12-04",8,37.94,2014,12,4,3,1,1,122.301742804286
"82",82,"2014-12-04",9,39.92,2014,12,4,3,1,1,122.301742804286
"83",83,"2014-12-04",10,41,2014,12,4,3,1,1,122.301742804286
"84",84,"2014-12-04",11,42.08,2014,12,4,3,1,1,122.301742804286
"85",85,"2014-12-04",12,42.98,2014,12,4,3,1,1,122.301742804286
"86",86,"2014-12-04",13,42.98,2014,12,4,3,1,1,122.301742804286
"87",87,"2014-12-04",14,42.08,2014,12,4,3,1,1,122.301742804286
"88",88,"2014-12-04",15,39.92,2014,12,4,3,1,1,129.839707175694
"89",89,"2014-12-04",16,37.04,2014,12,4,3,1,1,129.839707175694
"90",90,"2014-12-04",17,35.96,2014,12,4,3,1,1,129.839707175694
"91",91,"2014-12-04",18,33.98,2014,12,4,3,1,1,129.839707175694
"92",92,"2014-12-04",19,33.08,2014,12,4,3,1,1,129.839707175694
"93",93,"2014-12-04",20,32,2014,12,4,3,1,0,75.8750862782893
"94",94,"2014-12-04",21,30.92,2014,12,4,3,1,0,75.8750862782893
"95",95,"2014-12-04",22,30.02,2014,12,4,3,1,0,75.8750862782893
"96",96,"2014-12-04",23,30.02,2014,12,4,3,1,0,75.8750862782893
"97",97,"2014-12-05",0,28.94,2014,12,5,4,1,0,75.8750862782893
"98",98,"2014-12-05",1,28.04,2014,12,5,4,1,0,75.8750862782893
"99",99,"2014-12-05",2,28.04,2014,12,5,4,1,0,75.8750862782893
"100",100,"2014-12-05",3,26.96,2014,12,5,4,1,0,75.8750862782893
"101",101,"2014-12-05",4,26.96,2014,12,5,4,1,0,75.8750862782893
"102",102,"2014-12-05",5,26.96,2014,12,5,4,1,0,75.8750862782893
"103",103,"2014-12-05",6,26.06,2014,12,5,4,1,0,75.8750862782893
"104",104,"2014-12-05",7,26.96,2014,12,5,4,1,1,122.301742804286
"105",105,"2014-12-05",8,30.02,2014,12,5,4,1,1,122.301742804286
"106",106,"2014-12-05",9,32,2014,12,5,4,1,1,122.301742804286
"107",107,"2014-12-05",10,35.96,2014,12,5,4,1,1,122.301742804286
"108",108,"2014-12-05",11,37.94,2014,12,5,4,1,1,122.301742804286
"109",109,"2014-12-05",12,42.08,2014,12,5,4,1,1,122.301742804286
"110",110,"2014-12-05",13,42.08,2014,12,5,4,1,1,122.301742804286
"111",111,"2014-12-05",14,41,2014,12,5,4,1,1,122.301742804286
"112",112,"2014-12-05",15,39.92,2014,12,5,4,1,1,129.839707175694
"113",113,"2014-12-05",16,39.92,2014,12,5,4,1,1,129.839707175694
"114",114,"2014-12-05",17,39.92,2014,12,5,4,1,1,129.839707175694
"115",115,"2014-12-05",18,41,2014,12,5,4,1,1,129.839707175694
"116",116,"2014-12-05",19,41,2014,12,5,4,1,1,129.839707175694
"117",117,"2014-12-05",20,41,2014,12,5,4,1,0,75.8750862782893
"118",118,"2014-12-05",21,41,2014,12,5,4,1,0,75.8750862782893
"119",119,"2014-12-05",22,39.92,2014,12,5,4,1,0,75.8750862782893
"120",120,"2014-12-05",23,39.56,2014,12,5,4,1,0,75.8750862782893
"121",121,"2014-12-06",0,39.74,2014,12,6,5,0,0,75.8750862782893
"122",122,"2014-12-06",1,40.1,2014,12,6,5,0,0,75.8750862782893
"123",123,"2014-12-06",2,42.08,2014,12,6,5,0,0,75.8750862782893
"124",124,"2014-12-06",3,42.86,2014,12,6,5,0,0,75.8750862782893
"125",125,"2014-12-06",4,44.42,2014,12,6,5,0,0,75.8750862782893
"126",126,"2014-12-06",5,44.78,2014,12,6,5,0,0,75.8750862782893
"127",127,"2014-12-06",6,44.78,2014,12,6,5,0,0,75.8750862782893
"128",128,"2014-12-06",7,44.72,2014,12,6,5,0,1,122.301742804286
"129",129,"2014-12-06",8,41,2014,12,6,5,0,1,122.301742804286
"130",130,"2014-12-06",9,39.14,2014,12,6,5,0,1,122.301742804286
"131",131,"2014-12-06",10,37.94,2014,12,6,5,0,1,122.301742804286
"132",132,"2014-12-06",11,39.02,2014,12,6,5,0,1,122.301742804286
"133",133,"2014-12-06",12,39.02,2014,12,6,5,0,1,122.301742804286
"134",134,"2014-12-06",13,39.56,2014,12,6,5,0,1,122.301742804286
"135",135,"2014-12-06",14,39.92,2014,12,6,5,0,1,122.301742804286
"136",136,"2014-12-06",15,41,2014,12,6,5,0,1,129.839707175694
"137",137,"2014-12-06",16,41,2014,12,6,5,0,1,129.839707175694
"138",138,"2014-12-06",17,41,2014,12,6,5,0,1,129.839707175694
"139",139,"2014-12-06",18,39.02,2014,12,6,5,0,1,129.839707175694
"140",140,"2014-12-06",19,39.02,2014,12,6,5,0,1,129.839707175694
"141",141,"2014-12-06",20,39.02,2014,12,6,5,0,0,75.8750862782893
"142",142,"2014-12-06",21,39.02,2014,12,6,5,0,0,75.8750862782893
"143",143,"2014-12-06",22,37.94,2014,12,6,5,0,0,75.8750862782893
"144",144,"2014-12-06",23,37.94,2014,12,6,5,0,0,75.8750862782893
"145",145,"2014-12-07",0,37.22,2014,12,7,6,0,0,75.8750862782893
"146",146,"2014-12-07",1,35.78,2014,12,7,6,0,0,75.8750862782893
"147",147,"2014-12-07",2,37.22,2014,12,7,6,0,0,75.8750862782893
"148",148,"2014-12-07",3,37.22,2014,12,7,6,0,0,75.8750862782893
"149",149,"2014-12-07",4,35.96,2014,12,7,6,0,0,75.8750862782893
"150",150,"2014-12-07",5,35.06,2014,12,7,6,0,0,75.8750862782893
"151",151,"2014-12-07",6,33.89,2014,12,7,6,0,0,75.8750862782893
"152",152,"2014-12-07",7,33.98,2014,12,7,6,0,1,122.301742804286
"153",153,"2014-12-07",8,33.98,2014,12,7,6,0,1,122.301742804286
"154",154,"2014-12-07",9,33.98,2014,12,7,6,0,1,122.301742804286
"155",155,"2014-12-07",10,33.98,2014,12,7,6,0,1,122.301742804286
"156",156,"2014-12-07",11,33.98,2014,12,7,6,0,1,122.301742804286
"157",157,"2014-12-07",12,33.98,2014,12,7,6,0,1,122.301742804286
"158",158,"2014-12-07",13,35.96,2014,12,7,6,0,1,122.301742804286
"159",159,"2014-12-07",14,37.04,2014,12,7,6,0,1,122.301742804286
"160",160,"2014-12-07",15,35.96,2014,12,7,6,0,1,129.839707175694
"161",161,"2014-12-07",16,32,2014,12,7,6,0,1,129.839707175694
"162",162,"2014-12-07",17,30.02,2014,12,7,6,0,1,129.839707175694
"163",163,"2014-12-07",18,28.04,2014,12,7,6,0,1,129.839707175694
"164",164,"2014-12-07",19,26.06,2014,12,7,6,0,1,129.839707175694
"165",165,"2014-12-07",20,24.08,2014,12,7,6,0,0,75.8750862782893
"166",166,"2014-12-07",21,23,2014,12,7,6,0,0,75.8750862782893
"167",167,"2014-12-07",22,21.92,2014,12,7,6,0,0,75.8750862782893
"168",168,"2014-12-07",23,21.02,2014,12,7,6,0,0,75.8750862782893
"169",169,"2014-12-08",0,19.67,2014,12,8,0,1,0,75.8750862782893
"170",170,"2014-12-08",1,19.94,2014,12,8,0,1,0,75.8750862782893
"171",171,"2014-12-08",2,19.04,2014,12,8,0,1,0,75.8750862782893
"172",172,"2014-12-08",3,19.04,2014,12,8,0,1,0,75.8750862782893
"173",173,"2014-12-08",4,19.04,2014,12,8,0,1,0,75.8750862782893
"174",174,"2014-12-08",5,17.96,2014,12,8,0,1,0,75.8750862782893
"175",175,"2014-12-08",6,19.04,2014,12,8,0,1,0,75.8750862782893
"176",176,"2014-12-08",7,19.04,2014,12,8,0,1,1,122.301742804286
"177",177,"2014-12-08",8,19.94,2014,12,8,0,1,1,122.301742804286
"178",178,"2014-12-08",9,21.02,2014,12,8,0,1,1,122.301742804286
"179",179,"2014-12-08",10,21.02,2014,12,8,0,1,1,122.301742804286
"180",180,"2014-12-08",11,21.92,2014,12,8,0,1,1,122.301742804286
"181",181,"2014-12-08",12,23,2014,12,8,0,1,1,122.301742804286
"182",182,"2014-12-08",13,24.08,2014,12,8,0,1,1,122.301742804286
"183",183,"2014-12-08",14,24.08,2014,12,8,0,1,1,122.301742804286
"184",184,"2014-12-08",15,24.89,2014,12,8,0,1,1,129.839707175694
"185",185,"2014-12-08",16,24.98,2014,12,8,0,1,1,129.839707175694
"186",186,"2014-12-08",17,26.06,2014,12,8,0,1,1,129.839707175694
"187",187,"2014-12-08",18,26.06,2014,12,8,0,1,1,129.839707175694
"188",188,"2014-12-08",19,26.33,2014,12,8,0,1,1,129.839707175694
"189",189,"2014-12-08",20,25.79,2014,12,8,0,1,0,75.8750862782893
"190",190,"2014-12-08",21,24.89,2014,12,8,0,1,0,75.8750862782893
"191",191,"2014-12-08",22,25.43,2014,12,8,0,1,0,75.8750862782893
"192",192,"2014-12-08",23,27.635,2014,12,8,0,1,0,75.8750862782893
"193",193,"2014-12-09",0,30.32,2014,12,9,1,1,0,75.8750862782893
"194",194,"2014-12-09",1,32.66,2014,12,9,1,1,0,75.8750862782893
"195",195,"2014-12-09",2,39.2,2014,12,9,1,1,0,75.8750862782893
"196",196,"2014-12-09",3,42.08,2014,12,9,1,1,0,75.8750862782893
"197",197,"2014-12-09",4,37.04,2014,12,9,1,1,0,75.8750862782893
"198",198,"2014-12-09",5,37.4,2014,12,9,1,1,0,75.8750862782893
"199",199,"2014-12-09",6,42.89,2014,12,9,1,1,0,75.8750862782893
"200",200,"2014-12-09",7,42.98,2014,12,9,1,1,1,122.301742804286
"201",201,"2014-12-09",8,44.06,2014,12,9,1,1,1,122.301742804286
"202",202,"2014-12-09",9,44.96,2014,12,9,1,1,1,122.301742804286
"203",203,"2014-12-09",10,44.78,2014,12,9,1,1,1,122.301742804286
"204",204,"2014-12-09",11,44.96,2014,12,9,1,1,1,122.301742804286
"205",205,"2014-12-09",12,46.28,2014,12,9,1,1,1,122.301742804286
"206",206,"2014-12-09",13,46.94,2014,12,9,1,1,1,122.301742804286
"207",207,"2014-12-09",14,46.94,2014,12,9,1,1,1,122.301742804286
"208",208,"2014-12-09",15,46.58,2014,12,9,1,1,1,129.839707175694
"209",209,"2014-12-09",16,48.02,2014,12,9,1,1,1,129.839707175694
"210",210,"2014-12-09",17,48.14,2014,12,9,1,1,1,129.839707175694
"211",211,"2014-12-09",18,48.44,2014,12,9,1,1,1,129.839707175694
"212",212,"2014-12-09",19,48.92,2014,12,9,1,1,1,129.839707175694
"213",213,"2014-12-09",20,48.56,2014,12,9,1,1,0,75.8750862782893
"214",214,"2014-12-09",21,48.92,2014,12,9,1,1,0,75.8750862782893
"215",215,"2014-12-09",22,48.92,2014,12,9,1,1,0,75.8750862782893
"216",216,"2014-12-09",23,48.92,2014,12,9,1,1,0,75.8750862782893
"217",217,"2014-12-10",0,46.04,2014,12,10,2,1,0,75.8750862782893
"218",218,"2014-12-10",1,44.96,2014,12,10,2,1,0,75.8750862782893
"219",219,"2014-12-10",2,42.98,2014,12,10,2,1,0,75.8750862782893
"220",220,"2014-12-10",3,42.08,2014,12,10,2,1,0,75.8750862782893
"221",221,"2014-12-10",4,42.08,2014,12,10,2,1,0,75.8750862782893
"222",222,"2014-12-10",5,42.2,2014,12,10,2,1,0,75.8750862782893
"223",223,"2014-12-10",6,41,2014,12,10,2,1,0,75.8750862782893
"224",224,"2014-12-10",7,41.9,2014,12,10,2,1,1,122.301742804286
"225",225,"2014-12-10",8,41,2014,12,10,2,1,1,122.301742804286
"226",226,"2014-12-10",9,41,2014,12,10,2,1,1,122.301742804286
"227",227,"2014-12-10",10,41.36,2014,12,10,2,1,1,122.301742804286
"228",228,"2014-12-10",11,42.56,2014,12,10,2,1,1,122.301742804286
"229",229,"2014-12-10",12,42.44,2014,12,10,2,1,1,122.301742804286
"230",230,"2014-12-10",13,42.56,2014,12,10,2,1,1,122.301742804286
"231",231,"2014-12-10",14,41,2014,12,10,2,1,1,122.301742804286
"232",232,"2014-12-10",15,39.92,2014,12,10,2,1,1,129.839707175694
"233",233,"2014-12-10",16,39.92,2014,12,10,2,1,1,129.839707175694
"234",234,"2014-12-10",17,39.11,2014,12,10,2,1,1,129.839707175694
"235",235,"2014-12-10",18,39.11,2014,12,10,2,1,1,129.839707175694
"236",236,"2014-12-10",19,39.02,2014,12,10,2,1,1,129.839707175694
"237",237,"2014-12-10",20,39.14,2014,12,10,2,1,0,75.8750862782893
"238",238,"2014-12-10",21,37.94,2014,12,10,2,1,0,75.8750862782893
"239",239,"2014-12-10",22,39.02,2014,12,10,2,1,0,75.8750862782893
"240",240,"2014-12-10",23,39.02,2014,12,10,2,1,0,75.8750862782893
"241",241,"2014-12-11",0,39.14,2014,12,11,3,1,0,75.8750862782893
"242",242,"2014-12-11",1,39.155,2014,12,11,3,1,0,75.8750862782893
"243",243,"2014-12-11",2,37.94,2014,12,11,3,1,0,75.8750862782893
"244",244,"2014-12-11",3,37.94,2014,12,11,3,1,0,75.8750862782893
"245",245,"2014-12-11",4,37.04,2014,12,11,3,1,0,75.8750862782893
"246",246,"2014-12-11",5,35.96,2014,12,11,3,1,0,75.8750862782893
"247",247,"2014-12-11",6,35.06,2014,12,11,3,1,0,75.8750862782893
"248",248,"2014-12-11",7,35.33,2014,12,11,3,1,1,122.301742804286
"249",249,"2014-12-11",8,35.33,2014,12,11,3,1,1,122.301742804286
"250",250,"2014-12-11",9,34.43,2014,12,11,3,1,1,122.301742804286
"251",251,"2014-12-11",10,33.98,2014,12,11,3,1,1,122.301742804286
"252",252,"2014-12-11",11,33.89,2014,12,11,3,1,1,122.301742804286
"253",253,"2014-12-11",12,33.656,2014,12,11,3,1,1,122.301742804286
"254",254,"2014-12-11",13,33.86,2014,12,11,3,1,1,122.301742804286
"255",255,"2014-12-11",14,33.86,2014,12,11,3,1,1,122.301742804286
"256",256,"2014-12-11",15,33.98,2014,12,11,3,1,1,129.839707175694
"257",257,"2014-12-11",16,33.89,2014,12,11,3,1,1,129.839707175694
"258",258,"2014-12-11",17,33.98,2014,12,11,3,1,1,129.839707175694
"259",259,"2014-12-11",18,33.08,2014,12,11,3,1,1,129.839707175694
"260",260,"2014-12-11",19,33.08,2014,12,11,3,1,1,129.839707175694
"261",261,"2014-12-11",20,32,2014,12,11,3,1,0,75.8750862782893
"262",262,"2014-12-11",21,32,2014,12,11,3,1,0,75.8750862782893
"263",263,"2014-12-11",22,32,2014,12,11,3,1,0,75.8750862782893
"264",264,"2014-12-11",23,32,2014,12,11,3,1,0,75.8750862782893
"265",265,"2014-12-12",0,32,2014,12,12,4,1,0,75.8750862782893
"266",266,"2014-12-12",1,30.92,2014,12,12,4,1,0,75.8750862782893
"267",267,"2014-12-12",2,30.92,2014,12,12,4,1,0,75.8750862782893
"268",268,"2014-12-12",3,30.92,2014,12,12,4,1,0,75.8750862782893
"269",269,"2014-12-12",4,30.92,2014,12,12,4,1,0,75.8750862782893
"270",270,"2014-12-12",5,32,2014,12,12,4,1,0,75.8750862782893
"271",271,"2014-12-12",6,32,2014,12,12,4,1,0,75.8750862782893
"272",272,"2014-12-12",7,32,2014,12,12,4,1,1,122.301742804286
"273",273,"2014-12-12",8,33.98,2014,12,12,4,1,1,122.301742804286
"274",274,"2014-12-12",9,35.06,2014,12,12,4,1,1,122.301742804286
"275",275,"2014-12-12",10,36.32,2014,12,12,4,1,1,122.301742804286
"276",276,"2014-12-12",11,35.96,2014,12,12,4,1,1,122.301742804286
"277",277,"2014-12-12",12,37.04,2014,12,12,4,1,1,122.301742804286
"278",278,"2014-12-12",13,37.67,2014,12,12,4,1,1,122.301742804286
"279",279,"2014-12-12",14,37.94,2014,12,12,4,1,1,122.301742804286
"280",280,"2014-12-12",15,37.94,2014,12,12,4,1,1,129.839707175694
"281",281,"2014-12-12",16,37.04,2014,12,12,4,1,1,129.839707175694
"282",282,"2014-12-12",17,35.96,2014,12,12,4,1,1,129.839707175694
"283",283,"2014-12-12",18,36.68,2014,12,12,4,1,1,129.839707175694
"284",284,"2014-12-12",19,35.33,2014,12,12,4,1,1,129.839707175694
"285",285,"2014-12-12",20,33.98,2014,12,12,4,1,0,75.8750862782893
"286",286,"2014-12-12",21,33.98,2014,12,12,4,1,0,75.8750862782893
"287",287,"2014-12-12",22,33.98,2014,12,12,4,1,0,75.8750862782893
"288",288,"2014-12-12",23,33.08,2014,12,12,4,1,0,75.8750862782893
"289",289,"2014-12-13",0,33.08,2014,12,13,5,0,0,75.8750862782893
"290",290,"2014-12-13",1,33.08,2014,12,13,5,0,0,75.8750862782893
"291",291,"2014-12-13",2,33.08,2014,12,13,5,0,0,75.8750862782893
"292",292,"2014-12-13",3,32,2014,12,13,5,0,0,75.8750862782893
"293",293,"2014-12-13",4,32,2014,12,13,5,0,0,75.8750862782893
"294",294,"2014-12-13",5,32,2014,12,13,5,0,0,75.8750862782893
"295",295,"2014-12-13",6,32,2014,12,13,5,0,0,75.8750862782893
"296",296,"2014-12-13",7,33.08,2014,12,13,5,0,1,122.301742804286
"297",297,"2014-12-13",8,33.8,2014,12,13,5,0,1,122.301742804286
"298",298,"2014-12-13",9,35.06,2014,12,13,5,0,1,122.301742804286
"299",299,"2014-12-13",10,35.96,2014,12,13,5,0,1,122.301742804286
"300",300,"2014-12-13",11,37.94,2014,12,13,5,0,1,122.301742804286
"301",301,"2014-12-13",12,39.92,2014,12,13,5,0,1,122.301742804286
"302",302,"2014-12-13",13,41,2014,12,13,5,0,1,122.301742804286
"303",303,"2014-12-13",14,41,2014,12,13,5,0,1,122.301742804286
"304",304,"2014-12-13",15,39.92,2014,12,13,5,0,1,129.839707175694
"305",305,"2014-12-13",16,39.02,2014,12,13,5,0,1,129.839707175694
"306",306,"2014-12-13",17,39.02,2014,12,13,5,0,1,129.839707175694
"307",307,"2014-12-13",18,37.94,2014,12,13,5,0,1,129.839707175694
"308",308,"2014-12-13",19,37.04,2014,12,13,5,0,1,129.839707175694
"309",309,"2014-12-13",20,35.96,2014,12,13,5,0,0,75.8750862782893
"310",310,"2014-12-13",21,33.98,2014,12,13,5,0,0,75.8750862782893
"311",311,"2014-12-13",22,33.98,2014,12,13,5,0,0,75.8750862782893
"312",312,"2014-12-13",23,33.08,2014,12,13,5,0,0,75.8750862782893
"313",313,"2014-12-14",0,33.98,2014,12,14,6,0,0,75.8750862782893
"314",314,"2014-12-14",1,33.98,2014,12,14,6,0,0,75.8750862782893
"315",315,"2014-12-14",2,33.98,2014,12,14,6,0,0,75.8750862782893
"316",316,"2014-12-14",3,33.98,2014,12,14,6,0,0,75.8750862782893
"317",317,"2014-12-14",4,33.08,2014,12,14,6,0,0,75.8750862782893
"318",318,"2014-12-14",5,33.98,2014,12,14,6,0,0,75.8750862782893
"319",319,"2014-12-14",6,33.98,2014,12,14,6,0,0,75.8750862782893
"320",320,"2014-12-14",7,33.98,2014,12,14,6,0,1,122.301742804286
"321",321,"2014-12-14",8,35.42,2014,12,14,6,0,1,122.301742804286
"322",322,"2014-12-14",9,37.04,2014,12,14,6,0,1,122.301742804286
"323",323,"2014-12-14",10,39.02,2014,12,14,6,0,1,122.301742804286
"324",324,"2014-12-14",11,41,2014,12,14,6,0,1,122.301742804286
"325",325,"2014-12-14",12,42.98,2014,12,14,6,0,1,122.301742804286
"326",326,"2014-12-14",13,44.06,2014,12,14,6,0,1,122.301742804286
"327",327,"2014-12-14",14,44.06,2014,12,14,6,0,1,122.301742804286
"328",328,"2014-12-14",15,42.98,2014,12,14,6,0,1,129.839707175694
"329",329,"2014-12-14",16,41,2014,12,14,6,0,1,129.839707175694
"330",330,"2014-12-14",17,39.92,2014,12,14,6,0,1,129.839707175694
"331",331,"2014-12-14",18,37.94,2014,12,14,6,0,1,129.839707175694
"332",332,"2014-12-14",19,37.04,2014,12,14,6,0,1,129.839707175694
"333",333,"2014-12-14",20,35.06,2014,12,14,6,0,0,75.8750862782893
"334",334,"2014-12-14",21,35.06,2014,12,14,6,0,0,75.8750862782893
"335",335,"2014-12-14",22,33.98,2014,12,14,6,0,0,75.8750862782893
"336",336,"2014-12-14",23,33.98,2014,12,14,6,0,0,75.8750862782893
"337",337,"2014-12-15",0,33.98,2014,12,15,0,1,0,75.8750862782893
"338",338,"2014-12-15",1,33.08,2014,12,15,0,1,0,75.8750862782893
"339",339,"2014-12-15",2,33.08,2014,12,15,0,1,0,75.8750862782893
"340",340,"2014-12-15",3,33.08,2014,12,15,0,1,0,75.8750862782893
"341",341,"2014-12-15",4,33.08,2014,12,15,0,1,0,75.8750862782893
"342",342,"2014-12-15",5,33.08,2014,12,15,0,1,0,75.8750862782893
"343",343,"2014-12-15",6,32,2014,12,15,0,1,0,75.8750862782893
"344",344,"2014-12-15",7,33.98,2014,12,15,0,1,1,122.301742804286
"345",345,"2014-12-15",8,35.06,2014,12,15,0,1,1,122.301742804286
"346",346,"2014-12-15",9,37.04,2014,12,15,0,1,1,122.301742804286
"347",347,"2014-12-15",10,39.02,2014,12,15,0,1,1,122.301742804286
"348",348,"2014-12-15",11,41,2014,12,15,0,1,1,122.301742804286
"349",349,"2014-12-15",12,39.92,2014,12,15,0,1,1,122.301742804286
"350",350,"2014-12-15",13,39.92,2014,12,15,0,1,1,122.301742804286
"351",351,"2014-12-15",14,39.02,2014,12,15,0,1,1,122.301742804286
"352",352,"2014-12-15",15,37.94,2014,12,15,0,1,1,129.839707175694
"353",353,"2014-12-15",16,37.04,2014,12,15,0,1,1,129.839707175694
"354",354,"2014-12-15",17,39.02,2014,12,15,0,1,1,129.839707175694
"355",355,"2014-12-15",18,37.04,2014,12,15,0,1,1,129.839707175694
"356",356,"2014-12-15",19,37.94,2014,12,15,0,1,1,129.839707175694
"357",357,"2014-12-15",20,35.96,2014,12,15,0,1,0,75.8750862782893
"358",358,"2014-12-15",21,35.96,2014,12,15,0,1,0,75.8750862782893
"359",359,"2014-12-15",22,36.32,2014,12,15,0,1,0,75.8750862782893
"360",360,"2014-12-15",23,37.94,2014,12,15,0,1,0,75.8750862782893
"361",361,"2014-12-16",0,35.96,2014,12,16,1,1,0,75.8750862782893
"362",362,"2014-12-16",1,35.06,2014,12,16,1,1,0,75.8750862782893
"363",363,"2014-12-16",2,35.06,2014,12,16,1,1,0,75.8750862782893
"364",364,"2014-12-16",3,35.06,2014,12,16,1,1,0,75.8750862782893
"365",365,"2014-12-16",4,35.96,2014,12,16,1,1,0,75.8750862782893
"366",366,"2014-12-16",5,37.04,2014,12,16,1,1,0,75.8750862782893
"367",367,"2014-12-16",6,37.94,2014,12,16,1,1,0,75.8750862782893
"368",368,"2014-12-16",7,39.02,2014,12,16,1,1,1,122.301742804286
"369",369,"2014-12-16",8,39.02,2014,12,16,1,1,1,122.301742804286
"370",370,"2014-12-16",9,39.92,2014,12,16,1,1,1,122.301742804286
"371",371,"2014-12-16",10,41,2014,12,16,1,1,1,122.301742804286
"372",372,"2014-12-16",11,39.92,2014,12,16,1,1,1,122.301742804286
"373",373,"2014-12-16",12,39.92,2014,12,16,1,1,1,122.301742804286
"374",374,"2014-12-16",13,39.92,2014,12,16,1,1,1,122.301742804286
"375",375,"2014-12-16",14,39.92,2014,12,16,1,1,1,122.301742804286
"376",376,"2014-12-16",15,39.92,2014,12,16,1,1,1,129.839707175694
"377",377,"2014-12-16",16,41,2014,12,16,1,1,1,129.839707175694
"378",378,"2014-12-16",17,41.54,2014,12,16,1,1,1,129.839707175694
"379",379,"2014-12-16",18,42.08,2014,12,16,1,1,1,129.839707175694
"380",380,"2014-12-16",19,42.98,2014,12,16,1,1,1,129.839707175694
"381",381,"2014-12-16",20,43.43,2014,12,16,1,1,0,75.8750862782893
"382",382,"2014-12-16",21,44.06,2014,12,16,1,1,0,75.8750862782893
"383",383,"2014-12-16",22,44.06,2014,12,16,1,1,0,75.8750862782893
"384",384,"2014-12-16",23,42.98,2014,12,16,1,1,0,75.8750862782893
"385",385,"2014-12-17",0,43.46,2014,12,17,2,1,0,75.8750862782893
"386",386,"2014-12-17",1,44.06,2014,12,17,2,1,0,75.8750862782893
"387",387,"2014-12-17",2,44.96,2014,12,17,2,1,0,75.8750862782893
"388",388,"2014-12-17",3,46.04,2014,12,17,2,1,0,75.8750862782893
"389",389,"2014-12-17",4,46.94,2014,12,17,2,1,0,75.8750862782893
"390",390,"2014-12-17",5,44.96,2014,12,17,2,1,0,75.8750862782893
"391",391,"2014-12-17",6,44.42,2014,12,17,2,1,0,75.8750862782893
"392",392,"2014-12-17",7,42.98,2014,12,17,2,1,1,122.301742804286
"393",393,"2014-12-17",8,42.98,2014,12,17,2,1,1,122.301742804286
"394",394,"2014-12-17",9,42.89,2014,12,17,2,1,1,122.301742804286
"395",395,"2014-12-17",10,42.44,2014,12,17,2,1,1,122.301742804286
"396",396,"2014-12-17",11,42.86,2014,12,17,2,1,1,122.301742804286
"397",397,"2014-12-17",12,44.78,2014,12,17,2,1,1,122.301742804286
"398",398,"2014-12-17",13,46.04,2014,12,17,2,1,1,122.301742804286
"399",399,"2014-12-17",14,46.67,2014,12,17,2,1,1,122.301742804286
"400",400,"2014-12-17",15,47.21,2014,12,17,2,1,1,129.839707175694
"401",401,"2014-12-17",16,48.02,2014,12,17,2,1,1,129.839707175694
"402",402,"2014-12-17",17,46.94,2014,12,17,2,1,1,129.839707175694
"403",403,"2014-12-17",18,45.86,2014,12,17,2,1,1,129.839707175694
"404",404,"2014-12-17",19,44.96,2014,12,17,2,1,1,129.839707175694
"405",405,"2014-12-17",20,44.06,2014,12,17,2,1,0,75.8750862782893
"406",406,"2014-12-17",21,42.98,2014,12,17,2,1,0,75.8750862782893
"407",407,"2014-12-17",22,42.08,2014,12,17,2,1,0,75.8750862782893
"408",408,"2014-12-17",23,41,2014,12,17,2,1,0,75.8750862782893
"409",409,"2014-12-18",0,39.92,2014,12,18,3,1,0,75.8750862782893
"410",410,"2014-12-18",1,39.92,2014,12,18,3,1,0,75.8750862782893
"411",411,"2014-12-18",2,39.92,2014,12,18,3,1,0,75.8750862782893
"412",412,"2014-12-18",3,39.92,2014,12,18,3,1,0,75.8750862782893
"413",413,"2014-12-18",4,39.02,2014,12,18,3,1,0,75.8750862782893
"414",414,"2014-12-18",5,37.04,2014,12,18,3,1,0,75.8750862782893
"415",415,"2014-12-18",6,37.04,2014,12,18,3,1,0,75.8750862782893
"416",416,"2014-12-18",7,36.32,2014,12,18,3,1,1,122.301742804286
"417",417,"2014-12-18",8,37.04,2014,12,18,3,1,1,122.301742804286
"418",418,"2014-12-18",9,39.92,2014,12,18,3,1,1,122.301742804286
"419",419,"2014-12-18",10,41,2014,12,18,3,1,1,122.301742804286
"420",420,"2014-12-18",11,42.98,2014,12,18,3,1,1,122.301742804286
"421",421,"2014-12-18",12,42.98,2014,12,18,3,1,1,122.301742804286
"422",422,"2014-12-18",13,42.98,2014,12,18,3,1,1,122.301742804286
"423",423,"2014-12-18",14,42.98,2014,12,18,3,1,1,122.301742804286
"424",424,"2014-12-18",15,42.08,2014,12,18,3,1,1,129.839707175694
"425",425,"2014-12-18",16,41,2014,12,18,3,1,1,129.839707175694
"426",426,"2014-12-18",17,41,2014,12,18,3,1,1,129.839707175694
"427",427,"2014-12-18",18,39.92,2014,12,18,3,1,1,129.839707175694
"428",428,"2014-12-18",19,39.02,2014,12,18,3,1,1,129.839707175694
"429",429,"2014-12-18",20,39.02,2014,12,18,3,1,0,75.8750862782893
"430",430,"2014-12-18",21,39.02,2014,12,18,3,1,0,75.8750862782893
"431",431,"2014-12-18",22,37.94,2014,12,18,3,1,0,75.8750862782893
"432",432,"2014-12-18",23,37.04,2014,12,18,3,1,0,75.8750862782893
"433",433,"2014-12-19",0,37.04,2014,12,19,4,1,0,75.8750862782893
"434",434,"2014-12-19",1,37.04,2014,12,19,4,1,0,75.8750862782893
"435",435,"2014-12-19",2,35.96,2014,12,19,4,1,0,75.8750862782893
"436",436,"2014-12-19",3,35.06,2014,12,19,4,1,0,75.8750862782893
"437",437,"2014-12-19",4,35.06,2014,12,19,4,1,0,75.8750862782893
"438",438,"2014-12-19",5,33.98,2014,12,19,4,1,0,75.8750862782893
"439",439,"2014-12-19",6,33.98,2014,12,19,4,1,0,75.8750862782893
"440",440,"2014-12-19",7,33.98,2014,12,19,4,1,1,122.301742804286
"441",441,"2014-12-19",8,35.06,2014,12,19,4,1,1,122.301742804286
"442",442,"2014-12-19",9,33.98,2014,12,19,4,1,1,122.301742804286
"443",443,"2014-12-19",10,33.98,2014,12,19,4,1,1,122.301742804286
"444",444,"2014-12-19",11,35.06,2014,12,19,4,1,1,122.301742804286
"445",445,"2014-12-19",12,35.06,2014,12,19,4,1,1,122.301742804286
"446",446,"2014-12-19",13,35.06,2014,12,19,4,1,1,122.301742804286
"447",447,"2014-12-19",14,35.06,2014,12,19,4,1,1,122.301742804286
"448",448,"2014-12-19",15,35.06,2014,12,19,4,1,1,129.839707175694
"449",449,"2014-12-19",16,33.08,2014,12,19,4,1,1,129.839707175694
"450",450,"2014-12-19",17,32,2014,12,19,4,1,1,129.839707175694
"451",451,"2014-12-19",18,30.92,2014,12,19,4,1,1,129.839707175694
"452",452,"2014-12-19",19,30.92,2014,12,19,4,1,1,129.839707175694
"453",453,"2014-12-19",20,30.02,2014,12,19,4,1,0,75.8750862782893
"454",454,"2014-12-19",21,30.02,2014,12,19,4,1,0,75.8750862782893
"455",455,"2014-12-19",22,28.94,2014,12,19,4,1,0,75.8750862782893
"456",456,"2014-12-19",23,28.94,2014,12,19,4,1,0,75.8750862782893
"457",457,"2014-12-20",0,28.04,2014,12,20,5,0,0,75.8750862782893
"458",458,"2014-12-20",1,28.04,2014,12,20,5,0,0,75.8750862782893
"459",459,"2014-12-20",2,28.04,2014,12,20,5,0,0,75.8750862782893
"460",460,"2014-12-20",3,28.04,2014,12,20,5,0,0,75.8750862782893
"461",461,"2014-12-20",4,28.04,2014,12,20,5,0,0,75.8750862782893
"462",462,"2014-12-20",5,28.04,2014,12,20,5,0,0,75.8750862782893
"463",463,"2014-12-20",6,26.96,2014,12,20,5,0,0,75.8750862782893
"464",464,"2014-12-20",7,28.04,2014,12,20,5,0,1,122.301742804286
"465",465,"2014-12-20",8,30.02,2014,12,20,5,0,1,122.301742804286
"466",466,"2014-12-20",9,30.11,2014,12,20,5,0,1,122.301742804286
"467",467,"2014-12-20",10,30.92,2014,12,20,5,0,1,122.301742804286
"468",468,"2014-12-20",11,33.08,2014,12,20,5,0,1,122.301742804286
"469",469,"2014-12-20",12,33.08,2014,12,20,5,0,1,122.301742804286
"470",470,"2014-12-20",13,33.98,2014,12,20,5,0,1,122.301742804286
"471",471,"2014-12-20",14,33.8,2014,12,20,5,0,1,122.301742804286
"472",472,"2014-12-20",15,33.98,2014,12,20,5,0,1,129.839707175694
"473",473,"2014-12-20",16,33.08,2014,12,20,5,0,1,129.839707175694
"474",474,"2014-12-20",17,33.44,2014,12,20,5,0,1,129.839707175694
"475",475,"2014-12-20",18,33.89,2014,12,20,5,0,1,129.839707175694
"476",476,"2014-12-20",19,35.06,2014,12,20,5,0,1,129.839707175694
"477",477,"2014-12-20",20,35.06,2014,12,20,5,0,0,75.8750862782893
"478",478,"2014-12-20",21,35.06,2014,12,20,5,0,0,75.8750862782893
"479",479,"2014-12-20",22,35.06,2014,12,20,5,0,0,75.8750862782893
"480",480,"2014-12-20",23,35.06,2014,12,20,5,0,0,75.8750862782893
"481",481,"2014-12-21",0,35.06,2014,12,21,6,0,0,75.8750862782893
"482",482,"2014-12-21",1,35.33,2014,12,21,6,0,0,75.8750862782893
"483",483,"2014-12-21",2,35.06,2014,12,21,6,0,0,75.8750862782893
"484",484,"2014-12-21",3,35.06,2014,12,21,6,0,0,75.8750862782893
"485",485,"2014-12-21",4,32,2014,12,21,6,0,0,75.8750862782893
"486",486,"2014-12-21",5,32,2014,12,21,6,0,0,75.8750862782893
"487",487,"2014-12-21",6,30.92,2014,12,21,6,0,0,75.8750862782893
"488",488,"2014-12-21",7,30.02,2014,12,21,6,0,1,122.301742804286
"489",489,"2014-12-21",8,30.02,2014,12,21,6,0,1,122.301742804286
"490",490,"2014-12-21",9,30.11,2014,12,21,6,0,1,122.301742804286
"491",491,"2014-12-21",10,30.92,2014,12,21,6,0,1,122.301742804286
"492",492,"2014-12-21",11,32,2014,12,21,6,0,1,122.301742804286
"493",493,"2014-12-21",12,32,2014,12,21,6,0,1,122.301742804286
"494",494,"2014-12-21",13,33.08,2014,12,21,6,0,1,122.301742804286
"495",495,"2014-12-21",14,33.08,2014,12,21,6,0,1,122.301742804286
"496",496,"2014-12-21",15,33.8,2014,12,21,6,0,1,129.839707175694
"497",497,"2014-12-21",16,33.98,2014,12,21,6,0,1,129.839707175694
"498",498,"2014-12-21",17,33.89,2014,12,21,6,0,1,129.839707175694
"499",499,"2014-12-21",18,33.98,2014,12,21,6,0,1,129.839707175694
"500",500,"2014-12-21",19,33.98,2014,12,21,6,0,1,129.839707175694
"501",501,"2014-12-21",20,33.98,2014,12,21,6,0,0,75.8750862782893
"502",502,"2014-12-21",21,33.98,2014,12,21,6,0,0,75.8750862782893
"503",503,"2014-12-21",22,33.98,2014,12,21,6,0,0,75.8750862782893
"504",504,"2014-12-21",23,33.98,2014,12,21,6,0,0,75.8750862782893
"505",505,"2014-12-22",0,33.08,2014,12,22,0,1,0,75.8750862782893
"506",506,"2014-12-22",1,33.08,2014,12,22,0,1,0,75.8750862782893
"507",507,"2014-12-22",2,33.08,2014,12,22,0,1,0,75.8750862782893
"508",508,"2014-12-22",3,33.08,2014,12,22,0,1,0,75.8750862782893
"509",509,"2014-12-22",4,33.08,2014,12,22,0,1,0,75.8750862782893
"510",510,"2014-12-22",5,33.08,2014,12,22,0,1,0,75.8750862782893
"511",511,"2014-12-22",6,33.56,2014,12,22,0,1,0,75.8750862782893
"512",512,"2014-12-22",7,33.98,2014,12,22,0,1,1,122.301742804286
"513",513,"2014-12-22",8,35.06,2014,12,22,0,1,1,122.301742804286
"514",514,"2014-12-22",9,37.94,2014,12,22,0,1,1,122.301742804286
"515",515,"2014-12-22",10,39.92,2014,12,22,0,1,1,122.301742804286
"516",516,"2014-12-22",11,42.08,2014,12,22,0,1,1,122.301742804286
"517",517,"2014-12-22",12,44.06,2014,12,22,0,1,1,122.301742804286
"518",518,"2014-12-22",13,43.46,2014,12,22,0,1,1,122.301742804286
"519",519,"2014-12-22",14,42.44,2014,12,22,0,1,1,122.301742804286
"520",520,"2014-12-22",15,41.9,2014,12,22,0,1,1,129.839707175694
"521",521,"2014-12-22",16,41,2014,12,22,0,1,1,129.839707175694
"522",522,"2014-12-22",17,41,2014,12,22,0,1,1,129.839707175694
"523",523,"2014-12-22",18,40.1,2014,12,22,0,1,1,129.839707175694
"524",524,"2014-12-22",19,42.56,2014,12,22,0,1,1,129.839707175694
"525",525,"2014-12-22",20,41,2014,12,22,0,1,0,75.8750862782893
"526",526,"2014-12-22",21,42.08,2014,12,22,0,1,0,75.8750862782893
"527",527,"2014-12-22",22,42.08,2014,12,22,0,1,0,75.8750862782893
"528",528,"2014-12-22",23,42.08,2014,12,22,0,1,0,75.8750862782893
"529",529,"2014-12-23",0,42.89,2014,12,23,1,1,0,75.8750862782893
"530",530,"2014-12-23",1,42.89,2014,12,23,1,1,0,75.8750862782893
"531",531,"2014-12-23",2,42.86,2014,12,23,1,1,0,75.8750862782893
"532",532,"2014-12-23",3,42.86,2014,12,23,1,1,0,75.8750862782893
"533",533,"2014-12-23",4,43.43,2014,12,23,1,1,0,75.8750862782893
"534",534,"2014-12-23",5,42.98,2014,12,23,1,1,0,75.8750862782893
"535",535,"2014-12-23",6,42.845,2014,12,23,1,1,0,75.8750862782893
"536",536,"2014-12-23",7,44.06,2014,12,23,1,1,1,122.301742804286
"537",537,"2014-12-23",8,44.06,2014,12,23,1,1,1,122.301742804286
"538",538,"2014-12-23",9,44.96,2014,12,23,1,1,1,122.301742804286
"539",539,"2014-12-23",10,44.06,2014,12,23,1,1,1,122.301742804286
"540",540,"2014-12-23",11,44.96,2014,12,23,1,1,1,122.301742804286
"541",541,"2014-12-23",12,44.96,2014,12,23,1,1,1,122.301742804286
"542",542,"2014-12-23",13,44.72,2014,12,23,1,1,1,122.301742804286
"543",543,"2014-12-23",14,44.96,2014,12,23,1,1,1,122.301742804286
"544",544,"2014-12-23",15,44.96,2014,12,23,1,1,1,129.839707175694
"545",545,"2014-12-23",16,45.68,2014,12,23,1,1,1,129.839707175694
"546",546,"2014-12-23",17,46.04,2014,12,23,1,1,1,129.839707175694
"547",547,"2014-12-23",18,46.04,2014,12,23,1,1,1,129.839707175694
"548",548,"2014-12-23",19,46.04,2014,12,23,1,1,1,129.839707175694
"549",549,"2014-12-23",20,46.04,2014,12,23,1,1,0,75.8750862782893
"550",550,"2014-12-23",21,42.98,2014,12,23,1,1,0,75.8750862782893
"551",551,"2014-12-23",22,42.98,2014,12,23,1,1,0,75.8750862782893
"552",552,"2014-12-23",23,42.08,2014,12,23,1,1,0,75.8750862782893
"553",553,"2014-12-24",0,42.08,2014,12,24,2,1,0,75.8750862782893
"554",554,"2014-12-24",1,42.08,2014,12,24,2,1,0,75.8750862782893
"555",555,"2014-12-24",2,42.08,2014,12,24,2,1,0,75.8750862782893
"556",556,"2014-12-24",3,42.08,2014,12,24,2,1,0,75.8750862782893
"557",557,"2014-12-24",4,41,2014,12,24,2,1,0,75.8750862782893
"558",558,"2014-12-24",5,41,2014,12,24,2,1,0,75.8750862782893
"559",559,"2014-12-24",6,41,2014,12,24,2,1,0,75.8750862782893
"560",560,"2014-12-24",7,42.08,2014,12,24,2,1,1,122.301742804286
"561",561,"2014-12-24",8,42.08,2014,12,24,2,1,1,122.301742804286
"562",562,"2014-12-24",9,42.98,2014,12,24,2,1,1,122.301742804286
"563",563,"2014-12-24",10,44.96,2014,12,24,2,1,1,122.301742804286
"564",564,"2014-12-24",11,44.96,2014,12,24,2,1,1,122.301742804286
"565",565,"2014-12-24",12,44.96,2014,12,24,2,1,1,122.301742804286
"566",566,"2014-12-24",13,44.96,2014,12,24,2,1,1,122.301742804286
"567",567,"2014-12-24",14,44.96,2014,12,24,2,1,1,122.301742804286
"568",568,"2014-12-24",15,44.96,2014,12,24,2,1,1,129.839707175694
"569",569,"2014-12-24",16,46.04,2014,12,24,2,1,1,129.839707175694
"570",570,"2014-12-24",17,44.78,2014,12,24,2,1,1,129.839707175694
"571",571,"2014-12-24",18,46.22,2014,12,24,2,1,1,129.839707175694
"572",572,"2014-12-24",19,46.04,2014,12,24,2,1,1,129.839707175694
"573",573,"2014-12-24",20,44.78,2014,12,24,2,1,0,75.8750862782893
"574",574,"2014-12-24",21,44.78,2014,12,24,2,1,0,75.8750862782893
"575",575,"2014-12-24",22,46.04,2014,12,24,2,1,0,75.8750862782893
"576",576,"2014-12-24",23,44.96,2014,12,24,2,1,0,75.8750862782893
"577",577,"2014-12-25",0,44.78,2014,12,25,3,1,0,75.8750862782893
"578",578,"2014-12-25",1,44.72,2014,12,25,3,1,0,75.8750862782893
"579",579,"2014-12-25",2,46.94,2014,12,25,3,1,0,75.8750862782893
"580",580,"2014-12-25",3,57.92,2014,12,25,3,1,0,75.8750862782893
"581",581,"2014-12-25",4,58.46,2014,12,25,3,1,0,75.8750862782893
"582",582,"2014-12-25",5,57.56,2014,12,25,3,1,0,75.8750862782893
"583",583,"2014-12-25",6,57.56,2014,12,25,3,1,0,75.8750862782893
"584",584,"2014-12-25",7,55.67,2014,12,25,3,1,1,122.301742804286
"585",585,"2014-12-25",8,57.02,2014,12,25,3,1,1,122.301742804286
"586",586,"2014-12-25",9,53.96,2014,12,25,3,1,1,122.301742804286
"587",587,"2014-12-25",10,51.98,2014,12,25,3,1,1,122.301742804286
"588",588,"2014-12-25",11,50,2014,12,25,3,1,1,122.301742804286
"589",589,"2014-12-25",12,51.08,2014,12,25,3,1,1,122.301742804286
"590",590,"2014-12-25",13,51.08,2014,12,25,3,1,1,122.301742804286
"591",591,"2014-12-25",14,50,2014,12,25,3,1,1,122.301742804286
"592",592,"2014-12-25",15,48.02,2014,12,25,3,1,1,129.839707175694
"593",593,"2014-12-25",16,46.94,2014,12,25,3,1,1,129.839707175694
"594",594,"2014-12-25",17,46.94,2014,12,25,3,1,1,129.839707175694
"595",595,"2014-12-25",18,46.94,2014,12,25,3,1,1,129.839707175694
"596",596,"2014-12-25",19,46.04,2014,12,25,3,1,1,129.839707175694
"597",597,"2014-12-25",20,46.04,2014,12,25,3,1,0,75.8750862782893
"598",598,"2014-12-25",21,44.96,2014,12,25,3,1,0,75.8750862782893
"599",599,"2014-12-25",22,44.96,2014,12,25,3,1,0,75.8750862782893
"600",600,"2014-12-25",23,44.06,2014,12,25,3,1,0,75.8750862782893
"601",601,"2014-12-26",0,42.98,2014,12,26,4,1,0,75.8750862782893
"602",602,"2014-12-26",1,42.08,2014,12,26,4,1,0,75.8750862782893
"603",603,"2014-12-26",2,42.08,2014,12,26,4,1,0,75.8750862782893
"604",604,"2014-12-26",3,39.92,2014,12,26,4,1,0,75.8750862782893
"605",605,"2014-12-26",4,41,2014,12,26,4,1,0,75.8750862782893
"606",606,"2014-12-26",5,37.94,2014,12,26,4,1,0,75.8750862782893
"607",607,"2014-12-26",6,37.94,2014,12,26,4,1,0,75.8750862782893
"608",608,"2014-12-26",7,39.02,2014,12,26,4,1,1,122.301742804286
"609",609,"2014-12-26",8,42.98,2014,12,26,4,1,1,122.301742804286
"610",610,"2014-12-26",9,44.96,2014,12,26,4,1,1,122.301742804286
"611",611,"2014-12-26",10,46.04,2014,12,26,4,1,1,122.301742804286
"612",612,"2014-12-26",11,46.94,2014,12,26,4,1,1,122.301742804286
"613",613,"2014-12-26",12,48.02,2014,12,26,4,1,1,122.301742804286
"614",614,"2014-12-26",13,48.92,2014,12,26,4,1,1,122.301742804286
"615",615,"2014-12-26",14,48.92,2014,12,26,4,1,1,122.301742804286
"616",616,"2014-12-26",15,48.02,2014,12,26,4,1,1,129.839707175694
"617",617,"2014-12-26",16,48.02,2014,12,26,4,1,1,129.839707175694
"618",618,"2014-12-26",17,46.04,2014,12,26,4,1,1,129.839707175694
"619",619,"2014-12-26",18,44.96,2014,12,26,4,1,1,129.839707175694
"620",620,"2014-12-26",19,44.06,2014,12,26,4,1,1,129.839707175694
"621",621,"2014-12-26",20,42.98,2014,12,26,4,1,0,75.8750862782893
"622",622,"2014-12-26",21,42.98,2014,12,26,4,1,0,75.8750862782893
"623",623,"2014-12-26",22,42.08,2014,12,26,4,1,0,75.8750862782893
"624",624,"2014-12-26",23,41,2014,12,26,4,1,0,75.8750862782893
"625",625,"2014-12-27",0,39.92,2014,12,27,5,0,0,75.8750862782893
"626",626,"2014-12-27",1,39.92,2014,12,27,5,0,0,75.8750862782893
"627",627,"2014-12-27",2,41,2014,12,27,5,0,0,75.8750862782893
"628",628,"2014-12-27",3,41,2014,12,27,5,0,0,75.8750862782893
"629",629,"2014-12-27",4,39.92,2014,12,27,5,0,0,75.8750862782893
"630",630,"2014-12-27",5,41,2014,12,27,5,0,0,75.8750862782893
"631",631,"2014-12-27",6,39.92,2014,12,27,5,0,0,75.8750862782893
"632",632,"2014-12-27",7,41,2014,12,27,5,0,1,122.301742804286
"633",633,"2014-12-27",8,42.98,2014,12,27,5,0,1,122.301742804286
"634",634,"2014-12-27",9,44.96,2014,12,27,5,0,1,122.301742804286
"635",635,"2014-12-27",10,48.02,2014,12,27,5,0,1,122.301742804286
"636",636,"2014-12-27",11,50,2014,12,27,5,0,1,122.301742804286
"637",637,"2014-12-27",12,51.98,2014,12,27,5,0,1,122.301742804286
"638",638,"2014-12-27",13,51.8,2014,12,27,5,0,1,122.301742804286
"639",639,"2014-12-27",14,51.98,2014,12,27,5,0,1,122.301742804286
"640",640,"2014-12-27",15,50,2014,12,27,5,0,1,129.839707175694
"641",641,"2014-12-27",16,48.02,2014,12,27,5,0,1,129.839707175694
"642",642,"2014-12-27",17,46.94,2014,12,27,5,0,1,129.839707175694
"643",643,"2014-12-27",18,46.04,2014,12,27,5,0,1,129.839707175694
"644",644,"2014-12-27",19,44.96,2014,12,27,5,0,1,129.839707175694
"645",645,"2014-12-27",20,44.06,2014,12,27,5,0,0,75.8750862782893
"646",646,"2014-12-27",21,42.98,2014,12,27,5,0,0,75.8750862782893
"647",647,"2014-12-27",22,44.06,2014,12,27,5,0,0,75.8750862782893
"648",648,"2014-12-27",23,42.98,2014,12,27,5,0,0,75.8750862782893
"649",649,"2014-12-28",0,44.96,2014,12,28,6,0,0,75.8750862782893
"650",650,"2014-12-28",1,44.96,2014,12,28,6,0,0,75.8750862782893
"651",651,"2014-12-28",2,44.96,2014,12,28,6,0,0,75.8750862782893
"652",652,"2014-12-28",3,44.96,2014,12,28,6,0,0,75.8750862782893
"653",653,"2014-12-28",4,44.96,2014,12,28,6,0,0,75.8750862782893
"654",654,"2014-12-28",5,44.96,2014,12,28,6,0,0,75.8750862782893
"655",655,"2014-12-28",6,44.96,2014,12,28,6,0,0,75.8750862782893
"656",656,"2014-12-28",7,46.04,2014,12,28,6,0,1,122.301742804286
"657",657,"2014-12-28",8,46.04,2014,12,28,6,0,1,122.301742804286
"658",658,"2014-12-28",9,46.94,2014,12,28,6,0,1,122.301742804286
"659",659,"2014-12-28",10,48.02,2014,12,28,6,0,1,122.301742804286
"660",660,"2014-12-28",11,48.92,2014,12,28,6,0,1,122.301742804286
"661",661,"2014-12-28",12,50,2014,12,28,6,0,1,122.301742804286
"662",662,"2014-12-28",13,51.08,2014,12,28,6,0,1,122.301742804286
"663",663,"2014-12-28",14,51.98,2014,12,28,6,0,1,122.301742804286
"664",664,"2014-12-28",15,48.92,2014,12,28,6,0,1,129.839707175694
"665",665,"2014-12-28",16,46.94,2014,12,28,6,0,1,129.839707175694
"666",666,"2014-12-28",17,46.94,2014,12,28,6,0,1,129.839707175694
"667",667,"2014-12-28",18,46.04,2014,12,28,6,0,1,129.839707175694
"668",668,"2014-12-28",19,44.96,2014,12,28,6,0,1,129.839707175694
"669",669,"2014-12-28",20,44.06,2014,12,28,6,0,0,75.8750862782893
"670",670,"2014-12-28",21,42.08,2014,12,28,6,0,0,75.8750862782893
"671",671,"2014-12-28",22,41,2014,12,28,6,0,0,75.8750862782893
"672",672,"2014-12-28",23,39.92,2014,12,28,6,0,0,75.8750862782893
"673",673,"2014-12-29",0,39.02,2014,12,29,0,1,0,75.8750862782893
"674",674,"2014-12-29",1,37.94,2014,12,29,0,1,0,75.8750862782893
"675",675,"2014-12-29",2,37.04,2014,12,29,0,1,0,75.8750862782893
"676",676,"2014-12-29",3,35.96,2014,12,29,0,1,0,75.8750862782893
"677",677,"2014-12-29",4,35.96,2014,12,29,0,1,0,75.8750862782893
"678",678,"2014-12-29",5,35.96,2014,12,29,0,1,0,75.8750862782893
"679",679,"2014-12-29",6,35.06,2014,12,29,0,1,0,75.8750862782893
"680",680,"2014-12-29",7,35.06,2014,12,29,0,1,1,122.301742804286
"681",681,"2014-12-29",8,35.06,2014,12,29,0,1,1,122.301742804286
"682",682,"2014-12-29",9,39.02,2014,12,29,0,1,1,122.301742804286
"683",683,"2014-12-29",10,39.92,2014,12,29,0,1,1,122.301742804286
"684",684,"2014-12-29",11,41,2014,12,29,0,1,1,122.301742804286
"685",685,"2014-12-29",12,39.92,2014,12,29,0,1,1,122.301742804286
"686",686,"2014-12-29",13,41,2014,12,29,0,1,1,122.301742804286
"687",687,"2014-12-29",14,39.92,2014,12,29,0,1,1,122.301742804286
"688",688,"2014-12-29",15,39.92,2014,12,29,0,1,1,129.839707175694
"689",689,"2014-12-29",16,39.02,2014,12,29,0,1,1,129.839707175694
"690",690,"2014-12-29",17,37.94,2014,12,29,0,1,1,129.839707175694
"691",691,"2014-12-29",18,35.06,2014,12,29,0,1,1,129.839707175694
"692",692,"2014-12-29",19,33.08,2014,12,29,0,1,1,129.839707175694
"693",693,"2014-12-29",20,32,2014,12,29,0,1,0,75.8750862782893
"694",694,"2014-12-29",21,30.92,2014,12,29,0,1,0,75.8750862782893
"695",695,"2014-12-29",22,30.92,2014,12,29,0,1,0,75.8750862782893
"696",696,"2014-12-29",23,30.02,2014,12,29,0,1,0,75.8750862782893
"697",697,"2014-12-30",0,28.04,2014,12,30,1,1,0,75.8750862782893
"698",698,"2014-12-30",1,26.96,2014,12,30,1,1,0,75.8750862782893
"699",699,"2014-12-30",2,24.98,2014,12,30,1,1,0,75.8750862782893
"700",700,"2014-12-30",3,24.08,2014,12,30,1,1,0,75.8750862782893
"701",701,"2014-12-30",4,24.08,2014,12,30,1,1,0,75.8750862782893
"702",702,"2014-12-30",5,23,2014,12,30,1,1,0,75.8750862782893
"703",703,"2014-12-30",6,23,2014,12,30,1,1,0,75.8750862782893
"704",704,"2014-12-30",7,23,2014,12,30,1,1,1,122.301742804286
"705",705,"2014-12-30",8,24.08,2014,12,30,1,1,1,122.301742804286
"706",706,"2014-12-30",9,24.98,2014,12,30,1,1,1,122.301742804286
"707",707,"2014-12-30",10,26.06,2014,12,30,1,1,1,122.301742804286
"708",708,"2014-12-30",11,26.96,2014,12,30,1,1,1,122.301742804286
"709",709,"2014-12-30",12,28.04,2014,12,30,1,1,1,122.301742804286
"710",710,"2014-12-30",13,28.94,2014,12,30,1,1,1,122.301742804286
"711",711,"2014-12-30",14,30.02,2014,12,30,1,1,1,122.301742804286
"712",712,"2014-12-30",15,28.94,2014,12,30,1,1,1,129.839707175694
"713",713,"2014-12-30",16,28.04,2014,12,30,1,1,1,129.839707175694
"714",714,"2014-12-30",17,26.96,2014,12,30,1,1,1,129.839707175694
"715",715,"2014-12-30",18,26.06,2014,12,30,1,1,1,129.839707175694
"716",716,"2014-12-30",19,24.98,2014,12,30,1,1,1,129.839707175694
"717",717,"2014-12-30",20,24.98,2014,12,30,1,1,0,75.8750862782893
"718",718,"2014-12-30",21,24.08,2014,12,30,1,1,0,75.8750862782893
"719",719,"2014-12-30",22,23,2014,12,30,1,1,0,75.8750862782893
"720",720,"2014-12-30",23,21.92,2014,12,30,1,1,0,75.8750862782893
"721",721,"2014-12-31",0,21.02,2014,12,31,2,1,0,75.8750862782893
"722",722,"2014-12-31",1,19.94,2014,12,31,2,1,0,75.8750862782893
"723",723,"2014-12-31",2,19.94,2014,12,31,2,1,0,75.8750862782893
"724",724,"2014-12-31",3,19.94,2014,12,31,2,1,0,75.8750862782893
"725",725,"2014-12-31",4,19.94,2014,12,31,2,1,0,75.8750862782893
"726",726,"2014-12-31",5,19.94,2014,12,31,2,1,0,75.8750862782893
"727",727,"2014-12-31",6,19.94,2014,12,31,2,1,0,75.8750862782893
"728",728,"2014-12-31",7,21.02,2014,12,31,2,1,1,122.301742804286
"729",729,"2014-12-31",8,24.08,2014,12,31,2,1,1,122.301742804286
"730",730,"2014-12-31",9,26.06,2014,12,31,2,1,1,122.301742804286
"731",731,"2014-12-31",10,28.04,2014,12,31,2,1,1,122.301742804286
"732",732,"2014-12-31",11,28.94,2014,12,31,2,1,1,122.301742804286
"733",733,"2014-12-31",12,28.94,2014,12,31,2,1,1,122.301742804286
"734",734,"2014-12-31",13,28.94,2014,12,31,2,1,1,122.301742804286
"735",735,"2014-12-31",14,28.94,2014,12,31,2,1,1,122.301742804286
"736",736,"2014-12-31",15,28.04,2014,12,31,2,1,1,129.839707175694
"737",737,"2014-12-31",16,26.96,2014,12,31,2,1,1,129.839707175694
"738",738,"2014-12-31",17,26.06,2014,12,31,2,1,1,129.839707175694
"739",739,"2014-12-31",18,26.06,2014,12,31,2,1,1,129.839707175694
"740",740,"2014-12-31",19,24.98,2014,12,31,2,1,1,129.839707175694
"741",741,"2014-12-31",20,24.98,2014,12,31,2,1,0,75.8750862782893
"742",742,"2014-12-31",21,23,2014,12,31,2,1,0,75.8750862782893
"743",743,"2014-12-31",22,21.92,2014,12,31,2,1,0,75.8750862782893
"744",744,"2014-12-31",23,21.92,2014,12,31,2,1,0,75.8750862782893
