"","X","Date","hour","temperature","year","month","day","DayOfWeek","Weekday","PeakHour","Kwh"
"1",1,"12/1/2014",0,51.98,2014,12,1,0,1,0,"Above_Normal"
"2",2,"12/1/2014",1,51.98,2014,12,1,0,1,0,"Above_Normal"
"3",3,"12/1/2014",2,51.08,2014,12,1,0,1,0,"Above_Normal"
"4",4,"12/1/2014",3,51.08,2014,12,1,0,1,0,"Above_Normal"
"5",5,"12/1/2014",4,51.08,2014,12,1,0,1,0,"Above_Normal"
"6",6,"12/1/2014",5,51.08,2014,12,1,0,1,0,"Above_Normal"
"7",7,"12/1/2014",6,50,2014,12,1,0,1,0,"Above_Normal"
"8",8,"12/1/2014",7,53.06,2014,12,1,0,1,1,"Above_Normal"
"9",9,"12/1/2014",8,55.94,2014,12,1,0,1,1,"Above_Normal"
"10",10,"12/1/2014",9,60.08,2014,12,1,0,1,1,"Above_Normal"
"11",11,"12/1/2014",10,60.08,2014,12,1,0,1,1,"Above_Normal"
"12",12,"12/1/2014",11,62.06,2014,12,1,0,1,1,"Above_Normal"
"13",13,"12/1/2014",12,62.96,2014,12,1,0,1,1,"Above_Normal"
"14",14,"12/1/2014",13,60.98,2014,12,1,0,1,1,"Above_Normal"
"15",15,"12/1/2014",14,57.92,2014,12,1,0,1,1,"Above_Normal"
"16",16,"12/1/2014",15,55.04,2014,12,1,0,1,1,"Above_Normal"
"17",17,"12/1/2014",16,53.06,2014,12,1,0,1,1,"Above_Normal"
"18",18,"12/1/2014",17,51.08,2014,12,1,0,1,1,"Above_Normal"
"19",19,"12/1/2014",18,48.92,2014,12,1,0,1,1,"Above_Normal"
"20",20,"12/1/2014",19,48.02,2014,12,1,0,1,1,"Above_Normal"
"21",21,"12/1/2014",20,46.94,2014,12,1,0,1,0,"Optimal"
"22",22,"12/1/2014",21,42.98,2014,12,1,0,1,0,"Optimal"
"23",23,"12/1/2014",22,41,2014,12,1,0,1,0,"Optimal"
"24",24,"12/1/2014",23,39.02,2014,12,1,0,1,0,"Optimal"
"25",25,"12/2/2014",0,37.94,2014,12,2,1,1,0,"Above_Normal"
"26",26,"12/2/2014",1,37.04,2014,12,2,1,1,0,"Above_Normal"
"27",27,"12/2/2014",2,35.96,2014,12,2,1,1,0,"Above_Normal"
"28",28,"12/2/2014",3,35.06,2014,12,2,1,1,0,"Above_Normal"
"29",29,"12/2/2014",4,35.06,2014,12,2,1,1,0,"Above_Normal"
"30",30,"12/2/2014",5,33.98,2014,12,2,1,1,0,"Above_Normal"
"31",31,"12/2/2014",6,33.98,2014,12,2,1,1,0,"Above_Normal"
"32",32,"12/2/2014",7,33.08,2014,12,2,1,1,1,"Above_Normal"
"33",33,"12/2/2014",8,33.08,2014,12,2,1,1,1,"Above_Normal"
"34",34,"12/2/2014",9,33.98,2014,12,2,1,1,1,"Above_Normal"
"35",35,"12/2/2014",10,35.06,2014,12,2,1,1,1,"Above_Normal"
"36",36,"12/2/2014",11,37.04,2014,12,2,1,1,1,"Above_Normal"
"37",37,"12/2/2014",12,37.04,2014,12,2,1,1,1,"Above_Normal"
"38",38,"12/2/2014",13,37.04,2014,12,2,1,1,1,"Above_Normal"
"39",39,"12/2/2014",14,37.04,2014,12,2,1,1,1,"Above_Normal"
"40",40,"12/2/2014",15,37.22,2014,12,2,1,1,1,"Above_Normal"
"41",41,"12/2/2014",16,35.96,2014,12,2,1,1,1,"Above_Normal"
"42",42,"12/2/2014",17,35.96,2014,12,2,1,1,1,"Above_Normal"
"43",43,"12/2/2014",18,36.68,2014,12,2,1,1,1,"Above_Normal"
"44",44,"12/2/2014",19,37.04,2014,12,2,1,1,1,"Above_Normal"
"45",45,"12/2/2014",20,37.67,2014,12,2,1,1,0,"Optimal"
"46",46,"12/2/2014",21,39.02,2014,12,2,1,1,0,"Optimal"
"47",47,"12/2/2014",22,39.32,2014,12,2,1,1,0,"Optimal"
"48",48,"12/2/2014",23,41,2014,12,2,1,1,0,"Optimal"
"49",49,"12/3/2014",0,42.89,2014,12,3,2,1,0,"Above_Normal"
"50",50,"12/3/2014",1,43.82,2014,12,3,2,1,0,"Above_Normal"
"51",51,"12/3/2014",2,44.96,2014,12,3,2,1,0,"Above_Normal"
"52",52,"12/3/2014",3,44.78,2014,12,3,2,1,0,"Above_Normal"
"53",53,"12/3/2014",4,45.14,2014,12,3,2,1,0,"Above_Normal"
"54",54,"12/3/2014",5,45.23,2014,12,3,2,1,0,"Above_Normal"
"55",55,"12/3/2014",6,37.58,2014,12,3,2,1,0,"Above_Normal"
"56",56,"12/3/2014",7,37.22,2014,12,3,2,1,1,"Above_Normal"
"57",57,"12/3/2014",8,37.94,2014,12,3,2,1,1,"Above_Normal"
"58",58,"12/3/2014",9,39.02,2014,12,3,2,1,1,"Above_Normal"
"59",59,"12/3/2014",10,40.1,2014,12,3,2,1,1,"Above_Normal"
"60",60,"12/3/2014",11,44.06,2014,12,3,2,1,1,"Above_Normal"
"61",61,"12/3/2014",12,46.31,2014,12,3,2,1,1,"Above_Normal"
"62",62,"12/3/2014",13,50,2014,12,3,2,1,1,"Above_Normal"
"63",63,"12/3/2014",14,51.08,2014,12,3,2,1,1,"Above_Normal"
"64",64,"12/3/2014",15,51.44,2014,12,3,2,1,1,"Above_Normal"
"65",65,"12/3/2014",16,50,2014,12,3,2,1,1,"Above_Normal"
"66",66,"12/3/2014",17,50,2014,12,3,2,1,1,"Above_Normal"
"67",67,"12/3/2014",18,50,2014,12,3,2,1,1,"Above_Normal"
"68",68,"12/3/2014",19,49.46,2014,12,3,2,1,1,"Above_Normal"
"69",69,"12/3/2014",20,48.02,2014,12,3,2,1,0,"Optimal"
"70",70,"12/3/2014",21,42.98,2014,12,3,2,1,0,"Optimal"
"71",71,"12/3/2014",22,42.08,2014,12,3,2,1,0,"Optimal"
"72",72,"12/3/2014",23,39.92,2014,12,3,2,1,0,"Optimal"
"73",73,"12/4/2014",0,39.02,2014,12,4,3,1,0,"Above_Normal"
"74",74,"12/4/2014",1,37.94,2014,12,4,3,1,0,"Above_Normal"
"75",75,"12/4/2014",2,37.94,2014,12,4,3,1,0,"Above_Normal"
"76",76,"12/4/2014",3,37.04,2014,12,4,3,1,0,"Above_Normal"
"77",77,"12/4/2014",4,37.04,2014,12,4,3,1,0,"Above_Normal"
"78",78,"12/4/2014",5,33.98,2014,12,4,3,1,0,"Above_Normal"
"79",79,"12/4/2014",6,33.98,2014,12,4,3,1,0,"Above_Normal"
"80",80,"12/4/2014",7,35.06,2014,12,4,3,1,1,"Above_Normal"
"81",81,"12/4/2014",8,37.94,2014,12,4,3,1,1,"Above_Normal"
"82",82,"12/4/2014",9,39.92,2014,12,4,3,1,1,"Above_Normal"
"83",83,"12/4/2014",10,41,2014,12,4,3,1,1,"Above_Normal"
"84",84,"12/4/2014",11,42.08,2014,12,4,3,1,1,"Above_Normal"
"85",85,"12/4/2014",12,42.98,2014,12,4,3,1,1,"Above_Normal"
"86",86,"12/4/2014",13,42.98,2014,12,4,3,1,1,"Above_Normal"
"87",87,"12/4/2014",14,42.08,2014,12,4,3,1,1,"Above_Normal"
"88",88,"12/4/2014",15,39.92,2014,12,4,3,1,1,"Above_Normal"
"89",89,"12/4/2014",16,37.04,2014,12,4,3,1,1,"Above_Normal"
"90",90,"12/4/2014",17,35.96,2014,12,4,3,1,1,"Above_Normal"
"91",91,"12/4/2014",18,33.98,2014,12,4,3,1,1,"Above_Normal"
"92",92,"12/4/2014",19,33.08,2014,12,4,3,1,1,"Above_Normal"
"93",93,"12/4/2014",20,32,2014,12,4,3,1,0,"Optimal"
"94",94,"12/4/2014",21,30.92,2014,12,4,3,1,0,"Optimal"
"95",95,"12/4/2014",22,30.02,2014,12,4,3,1,0,"Optimal"
"96",96,"12/4/2014",23,30.02,2014,12,4,3,1,0,"Optimal"
"97",97,"12/5/2014",0,28.94,2014,12,5,4,1,0,"Above_Normal"
"98",98,"12/5/2014",1,28.04,2014,12,5,4,1,0,"Above_Normal"
"99",99,"12/5/2014",2,28.04,2014,12,5,4,1,0,"Above_Normal"
"100",100,"12/5/2014",3,26.96,2014,12,5,4,1,0,"Above_Normal"
"101",101,"12/5/2014",4,26.96,2014,12,5,4,1,0,"Above_Normal"
"102",102,"12/5/2014",5,26.96,2014,12,5,4,1,0,"Above_Normal"
"103",103,"12/5/2014",6,26.06,2014,12,5,4,1,0,"Above_Normal"
"104",104,"12/5/2014",7,26.96,2014,12,5,4,1,1,"Above_Normal"
"105",105,"12/5/2014",8,30.02,2014,12,5,4,1,1,"Above_Normal"
"106",106,"12/5/2014",9,32,2014,12,5,4,1,1,"Above_Normal"
"107",107,"12/5/2014",10,35.96,2014,12,5,4,1,1,"Above_Normal"
"108",108,"12/5/2014",11,37.94,2014,12,5,4,1,1,"Above_Normal"
"109",109,"12/5/2014",12,42.08,2014,12,5,4,1,1,"Above_Normal"
"110",110,"12/5/2014",13,42.08,2014,12,5,4,1,1,"Above_Normal"
"111",111,"12/5/2014",14,41,2014,12,5,4,1,1,"Above_Normal"
"112",112,"12/5/2014",15,39.92,2014,12,5,4,1,1,"Above_Normal"
"113",113,"12/5/2014",16,39.92,2014,12,5,4,1,1,"Above_Normal"
"114",114,"12/5/2014",17,39.92,2014,12,5,4,1,1,"Above_Normal"
"115",115,"12/5/2014",18,41,2014,12,5,4,1,1,"Above_Normal"
"116",116,"12/5/2014",19,41,2014,12,5,4,1,1,"Above_Normal"
"117",117,"12/5/2014",20,41,2014,12,5,4,1,0,"Optimal"
"118",118,"12/5/2014",21,41,2014,12,5,4,1,0,"Optimal"
"119",119,"12/5/2014",22,39.92,2014,12,5,4,1,0,"Optimal"
"120",120,"12/5/2014",23,39.56,2014,12,5,4,1,0,"Optimal"
"121",121,"12/6/2014",0,39.74,2014,12,6,5,0,0,"Above_Normal"
"122",122,"12/6/2014",1,40.1,2014,12,6,5,0,0,"Above_Normal"
"123",123,"12/6/2014",2,42.08,2014,12,6,5,0,0,"Above_Normal"
"124",124,"12/6/2014",3,42.86,2014,12,6,5,0,0,"Above_Normal"
"125",125,"12/6/2014",4,44.42,2014,12,6,5,0,0,"Above_Normal"
"126",126,"12/6/2014",5,44.78,2014,12,6,5,0,0,"Above_Normal"
"127",127,"12/6/2014",6,44.78,2014,12,6,5,0,0,"Above_Normal"
"128",128,"12/6/2014",7,44.72,2014,12,6,5,0,1,"Above_Normal"
"129",129,"12/6/2014",8,41,2014,12,6,5,0,1,"Above_Normal"
"130",130,"12/6/2014",9,39.14,2014,12,6,5,0,1,"Above_Normal"
"131",131,"12/6/2014",10,37.94,2014,12,6,5,0,1,"Above_Normal"
"132",132,"12/6/2014",11,39.02,2014,12,6,5,0,1,"Above_Normal"
"133",133,"12/6/2014",12,39.02,2014,12,6,5,0,1,"Above_Normal"
"134",134,"12/6/2014",13,39.56,2014,12,6,5,0,1,"Above_Normal"
"135",135,"12/6/2014",14,39.92,2014,12,6,5,0,1,"Above_Normal"
"136",136,"12/6/2014",15,41,2014,12,6,5,0,1,"Above_Normal"
"137",137,"12/6/2014",16,41,2014,12,6,5,0,1,"Above_Normal"
"138",138,"12/6/2014",17,41,2014,12,6,5,0,1,"Above_Normal"
"139",139,"12/6/2014",18,39.02,2014,12,6,5,0,1,"Above_Normal"
"140",140,"12/6/2014",19,39.02,2014,12,6,5,0,1,"Above_Normal"
"141",141,"12/6/2014",20,39.02,2014,12,6,5,0,0,"Optimal"
"142",142,"12/6/2014",21,39.02,2014,12,6,5,0,0,"Optimal"
"143",143,"12/6/2014",22,37.94,2014,12,6,5,0,0,"Optimal"
"144",144,"12/6/2014",23,37.94,2014,12,6,5,0,0,"Optimal"
"145",145,"12/7/2014",0,37.22,2014,12,7,6,0,0,"Above_Normal"
"146",146,"12/7/2014",1,35.78,2014,12,7,6,0,0,"Above_Normal"
"147",147,"12/7/2014",2,37.22,2014,12,7,6,0,0,"Above_Normal"
"148",148,"12/7/2014",3,37.22,2014,12,7,6,0,0,"Above_Normal"
"149",149,"12/7/2014",4,35.96,2014,12,7,6,0,0,"Above_Normal"
"150",150,"12/7/2014",5,35.06,2014,12,7,6,0,0,"Above_Normal"
"151",151,"12/7/2014",6,33.89,2014,12,7,6,0,0,"Above_Normal"
"152",152,"12/7/2014",7,33.98,2014,12,7,6,0,1,"Above_Normal"
"153",153,"12/7/2014",8,33.98,2014,12,7,6,0,1,"Above_Normal"
"154",154,"12/7/2014",9,33.98,2014,12,7,6,0,1,"Above_Normal"
"155",155,"12/7/2014",10,33.98,2014,12,7,6,0,1,"Above_Normal"
"156",156,"12/7/2014",11,33.98,2014,12,7,6,0,1,"Above_Normal"
"157",157,"12/7/2014",12,33.98,2014,12,7,6,0,1,"Above_Normal"
"158",158,"12/7/2014",13,35.96,2014,12,7,6,0,1,"Above_Normal"
"159",159,"12/7/2014",14,37.04,2014,12,7,6,0,1,"Above_Normal"
"160",160,"12/7/2014",15,35.96,2014,12,7,6,0,1,"Above_Normal"
"161",161,"12/7/2014",16,32,2014,12,7,6,0,1,"Above_Normal"
"162",162,"12/7/2014",17,30.02,2014,12,7,6,0,1,"Above_Normal"
"163",163,"12/7/2014",18,28.04,2014,12,7,6,0,1,"Above_Normal"
"164",164,"12/7/2014",19,26.06,2014,12,7,6,0,1,"Above_Normal"
"165",165,"12/7/2014",20,24.08,2014,12,7,6,0,0,"Optimal"
"166",166,"12/7/2014",21,23,2014,12,7,6,0,0,"Optimal"
"167",167,"12/7/2014",22,21.92,2014,12,7,6,0,0,"Optimal"
"168",168,"12/7/2014",23,21.02,2014,12,7,6,0,0,"Optimal"
"169",169,"12/8/2014",0,19.67,2014,12,8,0,1,0,"Above_Normal"
"170",170,"12/8/2014",1,19.94,2014,12,8,0,1,0,"Above_Normal"
"171",171,"12/8/2014",2,19.04,2014,12,8,0,1,0,"Above_Normal"
"172",172,"12/8/2014",3,19.04,2014,12,8,0,1,0,"Above_Normal"
"173",173,"12/8/2014",4,19.04,2014,12,8,0,1,0,"Above_Normal"
"174",174,"12/8/2014",5,17.96,2014,12,8,0,1,0,"Above_Normal"
"175",175,"12/8/2014",6,19.04,2014,12,8,0,1,0,"Above_Normal"
"176",176,"12/8/2014",7,19.04,2014,12,8,0,1,1,"Above_Normal"
"177",177,"12/8/2014",8,19.94,2014,12,8,0,1,1,"Above_Normal"
"178",178,"12/8/2014",9,21.02,2014,12,8,0,1,1,"Above_Normal"
"179",179,"12/8/2014",10,21.02,2014,12,8,0,1,1,"Above_Normal"
"180",180,"12/8/2014",11,21.92,2014,12,8,0,1,1,"Above_Normal"
"181",181,"12/8/2014",12,23,2014,12,8,0,1,1,"Above_Normal"
"182",182,"12/8/2014",13,24.08,2014,12,8,0,1,1,"Above_Normal"
"183",183,"12/8/2014",14,24.08,2014,12,8,0,1,1,"Above_Normal"
"184",184,"12/8/2014",15,24.89,2014,12,8,0,1,1,"Above_Normal"
"185",185,"12/8/2014",16,24.98,2014,12,8,0,1,1,"Above_Normal"
"186",186,"12/8/2014",17,26.06,2014,12,8,0,1,1,"Above_Normal"
"187",187,"12/8/2014",18,26.06,2014,12,8,0,1,1,"Above_Normal"
"188",188,"12/8/2014",19,26.33,2014,12,8,0,1,1,"Above_Normal"
"189",189,"12/8/2014",20,25.79,2014,12,8,0,1,0,"Optimal"
"190",190,"12/8/2014",21,24.89,2014,12,8,0,1,0,"Optimal"
"191",191,"12/8/2014",22,25.43,2014,12,8,0,1,0,"Optimal"
"192",192,"12/8/2014",23,27.635,2014,12,8,0,1,0,"Optimal"
"193",193,"12/9/2014",0,30.32,2014,12,9,1,1,0,"Above_Normal"
"194",194,"12/9/2014",1,32.66,2014,12,9,1,1,0,"Above_Normal"
"195",195,"12/9/2014",2,39.2,2014,12,9,1,1,0,"Above_Normal"
"196",196,"12/9/2014",3,42.08,2014,12,9,1,1,0,"Above_Normal"
"197",197,"12/9/2014",4,37.04,2014,12,9,1,1,0,"Above_Normal"
"198",198,"12/9/2014",5,37.4,2014,12,9,1,1,0,"Above_Normal"
"199",199,"12/9/2014",6,42.89,2014,12,9,1,1,0,"Above_Normal"
"200",200,"12/9/2014",7,42.98,2014,12,9,1,1,1,"Above_Normal"
"201",201,"12/9/2014",8,44.06,2014,12,9,1,1,1,"Above_Normal"
"202",202,"12/9/2014",9,44.96,2014,12,9,1,1,1,"Above_Normal"
"203",203,"12/9/2014",10,44.78,2014,12,9,1,1,1,"Above_Normal"
"204",204,"12/9/2014",11,44.96,2014,12,9,1,1,1,"Above_Normal"
"205",205,"12/9/2014",12,46.28,2014,12,9,1,1,1,"Above_Normal"
"206",206,"12/9/2014",13,46.94,2014,12,9,1,1,1,"Above_Normal"
"207",207,"12/9/2014",14,46.94,2014,12,9,1,1,1,"Above_Normal"
"208",208,"12/9/2014",15,46.58,2014,12,9,1,1,1,"Above_Normal"
"209",209,"12/9/2014",16,48.02,2014,12,9,1,1,1,"Above_Normal"
"210",210,"12/9/2014",17,48.14,2014,12,9,1,1,1,"Above_Normal"
"211",211,"12/9/2014",18,48.44,2014,12,9,1,1,1,"Above_Normal"
"212",212,"12/9/2014",19,48.92,2014,12,9,1,1,1,"Above_Normal"
"213",213,"12/9/2014",20,48.56,2014,12,9,1,1,0,"Optimal"
"214",214,"12/9/2014",21,48.92,2014,12,9,1,1,0,"Optimal"
"215",215,"12/9/2014",22,48.92,2014,12,9,1,1,0,"Optimal"
"216",216,"12/9/2014",23,48.92,2014,12,9,1,1,0,"Optimal"
"217",217,"12/10/2014",0,46.04,2014,12,10,2,1,0,"Above_Normal"
"218",218,"12/10/2014",1,44.96,2014,12,10,2,1,0,"Above_Normal"
"219",219,"12/10/2014",2,42.98,2014,12,10,2,1,0,"Above_Normal"
"220",220,"12/10/2014",3,42.08,2014,12,10,2,1,0,"Above_Normal"
"221",221,"12/10/2014",4,42.08,2014,12,10,2,1,0,"Above_Normal"
"222",222,"12/10/2014",5,42.2,2014,12,10,2,1,0,"Above_Normal"
"223",223,"12/10/2014",6,41,2014,12,10,2,1,0,"Above_Normal"
"224",224,"12/10/2014",7,41.9,2014,12,10,2,1,1,"Above_Normal"
"225",225,"12/10/2014",8,41,2014,12,10,2,1,1,"Above_Normal"
"226",226,"12/10/2014",9,41,2014,12,10,2,1,1,"Above_Normal"
"227",227,"12/10/2014",10,41.36,2014,12,10,2,1,1,"Above_Normal"
"228",228,"12/10/2014",11,42.56,2014,12,10,2,1,1,"Above_Normal"
"229",229,"12/10/2014",12,42.44,2014,12,10,2,1,1,"Above_Normal"
"230",230,"12/10/2014",13,42.56,2014,12,10,2,1,1,"Above_Normal"
"231",231,"12/10/2014",14,41,2014,12,10,2,1,1,"Above_Normal"
"232",232,"12/10/2014",15,39.92,2014,12,10,2,1,1,"Above_Normal"
"233",233,"12/10/2014",16,39.92,2014,12,10,2,1,1,"Above_Normal"
"234",234,"12/10/2014",17,39.11,2014,12,10,2,1,1,"Above_Normal"
"235",235,"12/10/2014",18,39.11,2014,12,10,2,1,1,"Above_Normal"
"236",236,"12/10/2014",19,39.02,2014,12,10,2,1,1,"Above_Normal"
"237",237,"12/10/2014",20,39.14,2014,12,10,2,1,0,"Optimal"
"238",238,"12/10/2014",21,37.94,2014,12,10,2,1,0,"Optimal"
"239",239,"12/10/2014",22,39.02,2014,12,10,2,1,0,"Optimal"
"240",240,"12/10/2014",23,39.02,2014,12,10,2,1,0,"Optimal"
"241",241,"12/11/2014",0,39.14,2014,12,11,3,1,0,"Above_Normal"
"242",242,"12/11/2014",1,39.155,2014,12,11,3,1,0,"Above_Normal"
"243",243,"12/11/2014",2,37.94,2014,12,11,3,1,0,"Above_Normal"
"244",244,"12/11/2014",3,37.94,2014,12,11,3,1,0,"Above_Normal"
"245",245,"12/11/2014",4,37.04,2014,12,11,3,1,0,"Above_Normal"
"246",246,"12/11/2014",5,35.96,2014,12,11,3,1,0,"Above_Normal"
"247",247,"12/11/2014",6,35.06,2014,12,11,3,1,0,"Above_Normal"
"248",248,"12/11/2014",7,35.33,2014,12,11,3,1,1,"Above_Normal"
"249",249,"12/11/2014",8,35.33,2014,12,11,3,1,1,"Above_Normal"
"250",250,"12/11/2014",9,34.43,2014,12,11,3,1,1,"Above_Normal"
"251",251,"12/11/2014",10,33.98,2014,12,11,3,1,1,"Above_Normal"
"252",252,"12/11/2014",11,33.89,2014,12,11,3,1,1,"Above_Normal"
"253",253,"12/11/2014",12,33.656,2014,12,11,3,1,1,"Above_Normal"
"254",254,"12/11/2014",13,33.86,2014,12,11,3,1,1,"Above_Normal"
"255",255,"12/11/2014",14,33.86,2014,12,11,3,1,1,"Above_Normal"
"256",256,"12/11/2014",15,33.98,2014,12,11,3,1,1,"Above_Normal"
"257",257,"12/11/2014",16,33.89,2014,12,11,3,1,1,"Above_Normal"
"258",258,"12/11/2014",17,33.98,2014,12,11,3,1,1,"Above_Normal"
"259",259,"12/11/2014",18,33.08,2014,12,11,3,1,1,"Above_Normal"
"260",260,"12/11/2014",19,33.08,2014,12,11,3,1,1,"Above_Normal"
"261",261,"12/11/2014",20,32,2014,12,11,3,1,0,"Optimal"
"262",262,"12/11/2014",21,32,2014,12,11,3,1,0,"Optimal"
"263",263,"12/11/2014",22,32,2014,12,11,3,1,0,"Optimal"
"264",264,"12/11/2014",23,32,2014,12,11,3,1,0,"Optimal"
"265",265,"12/12/2014",0,32,2014,12,12,4,1,0,"Above_Normal"
"266",266,"12/12/2014",1,30.92,2014,12,12,4,1,0,"Above_Normal"
"267",267,"12/12/2014",2,30.92,2014,12,12,4,1,0,"Above_Normal"
"268",268,"12/12/2014",3,30.92,2014,12,12,4,1,0,"Above_Normal"
"269",269,"12/12/2014",4,30.92,2014,12,12,4,1,0,"Above_Normal"
"270",270,"12/12/2014",5,32,2014,12,12,4,1,0,"Above_Normal"
"271",271,"12/12/2014",6,32,2014,12,12,4,1,0,"Above_Normal"
"272",272,"12/12/2014",7,32,2014,12,12,4,1,1,"Above_Normal"
"273",273,"12/12/2014",8,33.98,2014,12,12,4,1,1,"Above_Normal"
"274",274,"12/12/2014",9,35.06,2014,12,12,4,1,1,"Above_Normal"
"275",275,"12/12/2014",10,36.32,2014,12,12,4,1,1,"Above_Normal"
"276",276,"12/12/2014",11,35.96,2014,12,12,4,1,1,"Above_Normal"
"277",277,"12/12/2014",12,37.04,2014,12,12,4,1,1,"Above_Normal"
"278",278,"12/12/2014",13,37.67,2014,12,12,4,1,1,"Above_Normal"
"279",279,"12/12/2014",14,37.94,2014,12,12,4,1,1,"Above_Normal"
"280",280,"12/12/2014",15,37.94,2014,12,12,4,1,1,"Above_Normal"
"281",281,"12/12/2014",16,37.04,2014,12,12,4,1,1,"Above_Normal"
"282",282,"12/12/2014",17,35.96,2014,12,12,4,1,1,"Above_Normal"
"283",283,"12/12/2014",18,36.68,2014,12,12,4,1,1,"Above_Normal"
"284",284,"12/12/2014",19,35.33,2014,12,12,4,1,1,"Above_Normal"
"285",285,"12/12/2014",20,33.98,2014,12,12,4,1,0,"Optimal"
"286",286,"12/12/2014",21,33.98,2014,12,12,4,1,0,"Optimal"
"287",287,"12/12/2014",22,33.98,2014,12,12,4,1,0,"Optimal"
"288",288,"12/12/2014",23,33.08,2014,12,12,4,1,0,"Optimal"
"289",289,"12/13/2014",0,33.08,2014,12,13,5,0,0,"Above_Normal"
"290",290,"12/13/2014",1,33.08,2014,12,13,5,0,0,"Above_Normal"
"291",291,"12/13/2014",2,33.08,2014,12,13,5,0,0,"Above_Normal"
"292",292,"12/13/2014",3,32,2014,12,13,5,0,0,"Above_Normal"
"293",293,"12/13/2014",4,32,2014,12,13,5,0,0,"Above_Normal"
"294",294,"12/13/2014",5,32,2014,12,13,5,0,0,"Above_Normal"
"295",295,"12/13/2014",6,32,2014,12,13,5,0,0,"Above_Normal"
"296",296,"12/13/2014",7,33.08,2014,12,13,5,0,1,"Above_Normal"
"297",297,"12/13/2014",8,33.8,2014,12,13,5,0,1,"Above_Normal"
"298",298,"12/13/2014",9,35.06,2014,12,13,5,0,1,"Above_Normal"
"299",299,"12/13/2014",10,35.96,2014,12,13,5,0,1,"Above_Normal"
"300",300,"12/13/2014",11,37.94,2014,12,13,5,0,1,"Above_Normal"
"301",301,"12/13/2014",12,39.92,2014,12,13,5,0,1,"Above_Normal"
"302",302,"12/13/2014",13,41,2014,12,13,5,0,1,"Above_Normal"
"303",303,"12/13/2014",14,41,2014,12,13,5,0,1,"Above_Normal"
"304",304,"12/13/2014",15,39.92,2014,12,13,5,0,1,"Above_Normal"
"305",305,"12/13/2014",16,39.02,2014,12,13,5,0,1,"Above_Normal"
"306",306,"12/13/2014",17,39.02,2014,12,13,5,0,1,"Above_Normal"
"307",307,"12/13/2014",18,37.94,2014,12,13,5,0,1,"Above_Normal"
"308",308,"12/13/2014",19,37.04,2014,12,13,5,0,1,"Above_Normal"
"309",309,"12/13/2014",20,35.96,2014,12,13,5,0,0,"Optimal"
"310",310,"12/13/2014",21,33.98,2014,12,13,5,0,0,"Optimal"
"311",311,"12/13/2014",22,33.98,2014,12,13,5,0,0,"Optimal"
"312",312,"12/13/2014",23,33.08,2014,12,13,5,0,0,"Optimal"
"313",313,"12/14/2014",0,33.98,2014,12,14,6,0,0,"Above_Normal"
"314",314,"12/14/2014",1,33.98,2014,12,14,6,0,0,"Above_Normal"
"315",315,"12/14/2014",2,33.98,2014,12,14,6,0,0,"Above_Normal"
"316",316,"12/14/2014",3,33.98,2014,12,14,6,0,0,"Above_Normal"
"317",317,"12/14/2014",4,33.08,2014,12,14,6,0,0,"Above_Normal"
"318",318,"12/14/2014",5,33.98,2014,12,14,6,0,0,"Above_Normal"
"319",319,"12/14/2014",6,33.98,2014,12,14,6,0,0,"Above_Normal"
"320",320,"12/14/2014",7,33.98,2014,12,14,6,0,1,"Above_Normal"
"321",321,"12/14/2014",8,35.42,2014,12,14,6,0,1,"Above_Normal"
"322",322,"12/14/2014",9,37.04,2014,12,14,6,0,1,"Above_Normal"
"323",323,"12/14/2014",10,39.02,2014,12,14,6,0,1,"Above_Normal"
"324",324,"12/14/2014",11,41,2014,12,14,6,0,1,"Above_Normal"
"325",325,"12/14/2014",12,42.98,2014,12,14,6,0,1,"Above_Normal"
"326",326,"12/14/2014",13,44.06,2014,12,14,6,0,1,"Above_Normal"
"327",327,"12/14/2014",14,44.06,2014,12,14,6,0,1,"Above_Normal"
"328",328,"12/14/2014",15,42.98,2014,12,14,6,0,1,"Above_Normal"
"329",329,"12/14/2014",16,41,2014,12,14,6,0,1,"Above_Normal"
"330",330,"12/14/2014",17,39.92,2014,12,14,6,0,1,"Above_Normal"
"331",331,"12/14/2014",18,37.94,2014,12,14,6,0,1,"Above_Normal"
"332",332,"12/14/2014",19,37.04,2014,12,14,6,0,1,"Above_Normal"
"333",333,"12/14/2014",20,35.06,2014,12,14,6,0,0,"Optimal"
"334",334,"12/14/2014",21,35.06,2014,12,14,6,0,0,"Optimal"
"335",335,"12/14/2014",22,33.98,2014,12,14,6,0,0,"Optimal"
"336",336,"12/14/2014",23,33.98,2014,12,14,6,0,0,"Optimal"
"337",337,"12/15/2014",0,33.98,2014,12,15,0,1,0,"Above_Normal"
"338",338,"12/15/2014",1,33.08,2014,12,15,0,1,0,"Above_Normal"
"339",339,"12/15/2014",2,33.08,2014,12,15,0,1,0,"Above_Normal"
"340",340,"12/15/2014",3,33.08,2014,12,15,0,1,0,"Above_Normal"
"341",341,"12/15/2014",4,33.08,2014,12,15,0,1,0,"Above_Normal"
"342",342,"12/15/2014",5,33.08,2014,12,15,0,1,0,"Above_Normal"
"343",343,"12/15/2014",6,32,2014,12,15,0,1,0,"Above_Normal"
"344",344,"12/15/2014",7,33.98,2014,12,15,0,1,1,"Above_Normal"
"345",345,"12/15/2014",8,35.06,2014,12,15,0,1,1,"Above_Normal"
"346",346,"12/15/2014",9,37.04,2014,12,15,0,1,1,"Above_Normal"
"347",347,"12/15/2014",10,39.02,2014,12,15,0,1,1,"Above_Normal"
"348",348,"12/15/2014",11,41,2014,12,15,0,1,1,"Above_Normal"
"349",349,"12/15/2014",12,39.92,2014,12,15,0,1,1,"Above_Normal"
"350",350,"12/15/2014",13,39.92,2014,12,15,0,1,1,"Above_Normal"
"351",351,"12/15/2014",14,39.02,2014,12,15,0,1,1,"Above_Normal"
"352",352,"12/15/2014",15,37.94,2014,12,15,0,1,1,"Above_Normal"
"353",353,"12/15/2014",16,37.04,2014,12,15,0,1,1,"Above_Normal"
"354",354,"12/15/2014",17,39.02,2014,12,15,0,1,1,"Above_Normal"
"355",355,"12/15/2014",18,37.04,2014,12,15,0,1,1,"Above_Normal"
"356",356,"12/15/2014",19,37.94,2014,12,15,0,1,1,"Above_Normal"
"357",357,"12/15/2014",20,35.96,2014,12,15,0,1,0,"Optimal"
"358",358,"12/15/2014",21,35.96,2014,12,15,0,1,0,"Optimal"
"359",359,"12/15/2014",22,36.32,2014,12,15,0,1,0,"Optimal"
"360",360,"12/15/2014",23,37.94,2014,12,15,0,1,0,"Optimal"
"361",361,"12/16/2014",0,35.96,2014,12,16,1,1,0,"Above_Normal"
"362",362,"12/16/2014",1,35.06,2014,12,16,1,1,0,"Above_Normal"
"363",363,"12/16/2014",2,35.06,2014,12,16,1,1,0,"Above_Normal"
"364",364,"12/16/2014",3,35.06,2014,12,16,1,1,0,"Above_Normal"
"365",365,"12/16/2014",4,35.96,2014,12,16,1,1,0,"Above_Normal"
"366",366,"12/16/2014",5,37.04,2014,12,16,1,1,0,"Above_Normal"
"367",367,"12/16/2014",6,37.94,2014,12,16,1,1,0,"Above_Normal"
"368",368,"12/16/2014",7,39.02,2014,12,16,1,1,1,"Above_Normal"
"369",369,"12/16/2014",8,39.02,2014,12,16,1,1,1,"Above_Normal"
"370",370,"12/16/2014",9,39.92,2014,12,16,1,1,1,"Above_Normal"
"371",371,"12/16/2014",10,41,2014,12,16,1,1,1,"Above_Normal"
"372",372,"12/16/2014",11,39.92,2014,12,16,1,1,1,"Above_Normal"
"373",373,"12/16/2014",12,39.92,2014,12,16,1,1,1,"Above_Normal"
"374",374,"12/16/2014",13,39.92,2014,12,16,1,1,1,"Above_Normal"
"375",375,"12/16/2014",14,39.92,2014,12,16,1,1,1,"Above_Normal"
"376",376,"12/16/2014",15,39.92,2014,12,16,1,1,1,"Above_Normal"
"377",377,"12/16/2014",16,41,2014,12,16,1,1,1,"Above_Normal"
"378",378,"12/16/2014",17,41.54,2014,12,16,1,1,1,"Above_Normal"
"379",379,"12/16/2014",18,42.08,2014,12,16,1,1,1,"Above_Normal"
"380",380,"12/16/2014",19,42.98,2014,12,16,1,1,1,"Above_Normal"
"381",381,"12/16/2014",20,43.43,2014,12,16,1,1,0,"Optimal"
"382",382,"12/16/2014",21,44.06,2014,12,16,1,1,0,"Optimal"
"383",383,"12/16/2014",22,44.06,2014,12,16,1,1,0,"Optimal"
"384",384,"12/16/2014",23,42.98,2014,12,16,1,1,0,"Optimal"
"385",385,"12/17/2014",0,43.46,2014,12,17,2,1,0,"Above_Normal"
"386",386,"12/17/2014",1,44.06,2014,12,17,2,1,0,"Above_Normal"
"387",387,"12/17/2014",2,44.96,2014,12,17,2,1,0,"Above_Normal"
"388",388,"12/17/2014",3,46.04,2014,12,17,2,1,0,"Above_Normal"
"389",389,"12/17/2014",4,46.94,2014,12,17,2,1,0,"Above_Normal"
"390",390,"12/17/2014",5,44.96,2014,12,17,2,1,0,"Above_Normal"
"391",391,"12/17/2014",6,44.42,2014,12,17,2,1,0,"Above_Normal"
"392",392,"12/17/2014",7,42.98,2014,12,17,2,1,1,"Above_Normal"
"393",393,"12/17/2014",8,42.98,2014,12,17,2,1,1,"Above_Normal"
"394",394,"12/17/2014",9,42.89,2014,12,17,2,1,1,"Above_Normal"
"395",395,"12/17/2014",10,42.44,2014,12,17,2,1,1,"Above_Normal"
"396",396,"12/17/2014",11,42.86,2014,12,17,2,1,1,"Above_Normal"
"397",397,"12/17/2014",12,44.78,2014,12,17,2,1,1,"Above_Normal"
"398",398,"12/17/2014",13,46.04,2014,12,17,2,1,1,"Above_Normal"
"399",399,"12/17/2014",14,46.67,2014,12,17,2,1,1,"Above_Normal"
"400",400,"12/17/2014",15,47.21,2014,12,17,2,1,1,"Above_Normal"
"401",401,"12/17/2014",16,48.02,2014,12,17,2,1,1,"Above_Normal"
"402",402,"12/17/2014",17,46.94,2014,12,17,2,1,1,"Above_Normal"
"403",403,"12/17/2014",18,45.86,2014,12,17,2,1,1,"Above_Normal"
"404",404,"12/17/2014",19,44.96,2014,12,17,2,1,1,"Above_Normal"
"405",405,"12/17/2014",20,44.06,2014,12,17,2,1,0,"Optimal"
"406",406,"12/17/2014",21,42.98,2014,12,17,2,1,0,"Optimal"
"407",407,"12/17/2014",22,42.08,2014,12,17,2,1,0,"Optimal"
"408",408,"12/17/2014",23,41,2014,12,17,2,1,0,"Optimal"
"409",409,"12/18/2014",0,39.92,2014,12,18,3,1,0,"Above_Normal"
"410",410,"12/18/2014",1,39.92,2014,12,18,3,1,0,"Above_Normal"
"411",411,"12/18/2014",2,39.92,2014,12,18,3,1,0,"Above_Normal"
"412",412,"12/18/2014",3,39.92,2014,12,18,3,1,0,"Above_Normal"
"413",413,"12/18/2014",4,39.02,2014,12,18,3,1,0,"Above_Normal"
"414",414,"12/18/2014",5,37.04,2014,12,18,3,1,0,"Above_Normal"
"415",415,"12/18/2014",6,37.04,2014,12,18,3,1,0,"Above_Normal"
"416",416,"12/18/2014",7,36.32,2014,12,18,3,1,1,"Above_Normal"
"417",417,"12/18/2014",8,37.04,2014,12,18,3,1,1,"Above_Normal"
"418",418,"12/18/2014",9,39.92,2014,12,18,3,1,1,"Above_Normal"
"419",419,"12/18/2014",10,41,2014,12,18,3,1,1,"Above_Normal"
"420",420,"12/18/2014",11,42.98,2014,12,18,3,1,1,"Above_Normal"
"421",421,"12/18/2014",12,42.98,2014,12,18,3,1,1,"Above_Normal"
"422",422,"12/18/2014",13,42.98,2014,12,18,3,1,1,"Above_Normal"
"423",423,"12/18/2014",14,42.98,2014,12,18,3,1,1,"Above_Normal"
"424",424,"12/18/2014",15,42.08,2014,12,18,3,1,1,"Above_Normal"
"425",425,"12/18/2014",16,41,2014,12,18,3,1,1,"Above_Normal"
"426",426,"12/18/2014",17,41,2014,12,18,3,1,1,"Above_Normal"
"427",427,"12/18/2014",18,39.92,2014,12,18,3,1,1,"Above_Normal"
"428",428,"12/18/2014",19,39.02,2014,12,18,3,1,1,"Above_Normal"
"429",429,"12/18/2014",20,39.02,2014,12,18,3,1,0,"Optimal"
"430",430,"12/18/2014",21,39.02,2014,12,18,3,1,0,"Optimal"
"431",431,"12/18/2014",22,37.94,2014,12,18,3,1,0,"Optimal"
"432",432,"12/18/2014",23,37.04,2014,12,18,3,1,0,"Optimal"
"433",433,"12/19/2014",0,37.04,2014,12,19,4,1,0,"Above_Normal"
"434",434,"12/19/2014",1,37.04,2014,12,19,4,1,0,"Above_Normal"
"435",435,"12/19/2014",2,35.96,2014,12,19,4,1,0,"Above_Normal"
"436",436,"12/19/2014",3,35.06,2014,12,19,4,1,0,"Above_Normal"
"437",437,"12/19/2014",4,35.06,2014,12,19,4,1,0,"Above_Normal"
"438",438,"12/19/2014",5,33.98,2014,12,19,4,1,0,"Above_Normal"
"439",439,"12/19/2014",6,33.98,2014,12,19,4,1,0,"Above_Normal"
"440",440,"12/19/2014",7,33.98,2014,12,19,4,1,1,"Above_Normal"
"441",441,"12/19/2014",8,35.06,2014,12,19,4,1,1,"Above_Normal"
"442",442,"12/19/2014",9,33.98,2014,12,19,4,1,1,"Above_Normal"
"443",443,"12/19/2014",10,33.98,2014,12,19,4,1,1,"Above_Normal"
"444",444,"12/19/2014",11,35.06,2014,12,19,4,1,1,"Above_Normal"
"445",445,"12/19/2014",12,35.06,2014,12,19,4,1,1,"Above_Normal"
"446",446,"12/19/2014",13,35.06,2014,12,19,4,1,1,"Above_Normal"
"447",447,"12/19/2014",14,35.06,2014,12,19,4,1,1,"Above_Normal"
"448",448,"12/19/2014",15,35.06,2014,12,19,4,1,1,"Above_Normal"
"449",449,"12/19/2014",16,33.08,2014,12,19,4,1,1,"Above_Normal"
"450",450,"12/19/2014",17,32,2014,12,19,4,1,1,"Above_Normal"
"451",451,"12/19/2014",18,30.92,2014,12,19,4,1,1,"Above_Normal"
"452",452,"12/19/2014",19,30.92,2014,12,19,4,1,1,"Above_Normal"
"453",453,"12/19/2014",20,30.02,2014,12,19,4,1,0,"Optimal"
"454",454,"12/19/2014",21,30.02,2014,12,19,4,1,0,"Optimal"
"455",455,"12/19/2014",22,28.94,2014,12,19,4,1,0,"Optimal"
"456",456,"12/19/2014",23,28.94,2014,12,19,4,1,0,"Optimal"
"457",457,"12/20/2014",0,28.04,2014,12,20,5,0,0,"Above_Normal"
"458",458,"12/20/2014",1,28.04,2014,12,20,5,0,0,"Above_Normal"
"459",459,"12/20/2014",2,28.04,2014,12,20,5,0,0,"Above_Normal"
"460",460,"12/20/2014",3,28.04,2014,12,20,5,0,0,"Above_Normal"
"461",461,"12/20/2014",4,28.04,2014,12,20,5,0,0,"Above_Normal"
"462",462,"12/20/2014",5,28.04,2014,12,20,5,0,0,"Above_Normal"
"463",463,"12/20/2014",6,26.96,2014,12,20,5,0,0,"Above_Normal"
"464",464,"12/20/2014",7,28.04,2014,12,20,5,0,1,"Above_Normal"
"465",465,"12/20/2014",8,30.02,2014,12,20,5,0,1,"Above_Normal"
"466",466,"12/20/2014",9,30.11,2014,12,20,5,0,1,"Above_Normal"
"467",467,"12/20/2014",10,30.92,2014,12,20,5,0,1,"Above_Normal"
"468",468,"12/20/2014",11,33.08,2014,12,20,5,0,1,"Above_Normal"
"469",469,"12/20/2014",12,33.08,2014,12,20,5,0,1,"Above_Normal"
"470",470,"12/20/2014",13,33.98,2014,12,20,5,0,1,"Above_Normal"
"471",471,"12/20/2014",14,33.8,2014,12,20,5,0,1,"Above_Normal"
"472",472,"12/20/2014",15,33.98,2014,12,20,5,0,1,"Above_Normal"
"473",473,"12/20/2014",16,33.08,2014,12,20,5,0,1,"Above_Normal"
"474",474,"12/20/2014",17,33.44,2014,12,20,5,0,1,"Above_Normal"
"475",475,"12/20/2014",18,33.89,2014,12,20,5,0,1,"Above_Normal"
"476",476,"12/20/2014",19,35.06,2014,12,20,5,0,1,"Above_Normal"
"477",477,"12/20/2014",20,35.06,2014,12,20,5,0,0,"Optimal"
"478",478,"12/20/2014",21,35.06,2014,12,20,5,0,0,"Optimal"
"479",479,"12/20/2014",22,35.06,2014,12,20,5,0,0,"Optimal"
"480",480,"12/20/2014",23,35.06,2014,12,20,5,0,0,"Optimal"
"481",481,"12/21/2014",0,35.06,2014,12,21,6,0,0,"Above_Normal"
"482",482,"12/21/2014",1,35.33,2014,12,21,6,0,0,"Above_Normal"
"483",483,"12/21/2014",2,35.06,2014,12,21,6,0,0,"Above_Normal"
"484",484,"12/21/2014",3,35.06,2014,12,21,6,0,0,"Above_Normal"
"485",485,"12/21/2014",4,32,2014,12,21,6,0,0,"Above_Normal"
"486",486,"12/21/2014",5,32,2014,12,21,6,0,0,"Above_Normal"
"487",487,"12/21/2014",6,30.92,2014,12,21,6,0,0,"Above_Normal"
"488",488,"12/21/2014",7,30.02,2014,12,21,6,0,1,"Above_Normal"
"489",489,"12/21/2014",8,30.02,2014,12,21,6,0,1,"Above_Normal"
"490",490,"12/21/2014",9,30.11,2014,12,21,6,0,1,"Above_Normal"
"491",491,"12/21/2014",10,30.92,2014,12,21,6,0,1,"Above_Normal"
"492",492,"12/21/2014",11,32,2014,12,21,6,0,1,"Above_Normal"
"493",493,"12/21/2014",12,32,2014,12,21,6,0,1,"Above_Normal"
"494",494,"12/21/2014",13,33.08,2014,12,21,6,0,1,"Above_Normal"
"495",495,"12/21/2014",14,33.08,2014,12,21,6,0,1,"Above_Normal"
"496",496,"12/21/2014",15,33.8,2014,12,21,6,0,1,"Above_Normal"
"497",497,"12/21/2014",16,33.98,2014,12,21,6,0,1,"Above_Normal"
"498",498,"12/21/2014",17,33.89,2014,12,21,6,0,1,"Above_Normal"
"499",499,"12/21/2014",18,33.98,2014,12,21,6,0,1,"Above_Normal"
"500",500,"12/21/2014",19,33.98,2014,12,21,6,0,1,"Above_Normal"
"501",501,"12/21/2014",20,33.98,2014,12,21,6,0,0,"Optimal"
"502",502,"12/21/2014",21,33.98,2014,12,21,6,0,0,"Optimal"
"503",503,"12/21/2014",22,33.98,2014,12,21,6,0,0,"Optimal"
"504",504,"12/21/2014",23,33.98,2014,12,21,6,0,0,"Optimal"
"505",505,"12/22/2014",0,33.08,2014,12,22,0,1,0,"Above_Normal"
"506",506,"12/22/2014",1,33.08,2014,12,22,0,1,0,"Above_Normal"
"507",507,"12/22/2014",2,33.08,2014,12,22,0,1,0,"Above_Normal"
"508",508,"12/22/2014",3,33.08,2014,12,22,0,1,0,"Above_Normal"
"509",509,"12/22/2014",4,33.08,2014,12,22,0,1,0,"Above_Normal"
"510",510,"12/22/2014",5,33.08,2014,12,22,0,1,0,"Above_Normal"
"511",511,"12/22/2014",6,33.56,2014,12,22,0,1,0,"Above_Normal"
"512",512,"12/22/2014",7,33.98,2014,12,22,0,1,1,"Above_Normal"
"513",513,"12/22/2014",8,35.06,2014,12,22,0,1,1,"Above_Normal"
"514",514,"12/22/2014",9,37.94,2014,12,22,0,1,1,"Above_Normal"
"515",515,"12/22/2014",10,39.92,2014,12,22,0,1,1,"Above_Normal"
"516",516,"12/22/2014",11,42.08,2014,12,22,0,1,1,"Above_Normal"
"517",517,"12/22/2014",12,44.06,2014,12,22,0,1,1,"Above_Normal"
"518",518,"12/22/2014",13,43.46,2014,12,22,0,1,1,"Above_Normal"
"519",519,"12/22/2014",14,42.44,2014,12,22,0,1,1,"Above_Normal"
"520",520,"12/22/2014",15,41.9,2014,12,22,0,1,1,"Above_Normal"
"521",521,"12/22/2014",16,41,2014,12,22,0,1,1,"Above_Normal"
"522",522,"12/22/2014",17,41,2014,12,22,0,1,1,"Above_Normal"
"523",523,"12/22/2014",18,40.1,2014,12,22,0,1,1,"Above_Normal"
"524",524,"12/22/2014",19,42.56,2014,12,22,0,1,1,"Above_Normal"
"525",525,"12/22/2014",20,41,2014,12,22,0,1,0,"Optimal"
"526",526,"12/22/2014",21,42.08,2014,12,22,0,1,0,"Optimal"
"527",527,"12/22/2014",22,42.08,2014,12,22,0,1,0,"Optimal"
"528",528,"12/22/2014",23,42.08,2014,12,22,0,1,0,"Optimal"
"529",529,"12/23/2014",0,42.89,2014,12,23,1,1,0,"Above_Normal"
"530",530,"12/23/2014",1,42.89,2014,12,23,1,1,0,"Above_Normal"
"531",531,"12/23/2014",2,42.86,2014,12,23,1,1,0,"Above_Normal"
"532",532,"12/23/2014",3,42.86,2014,12,23,1,1,0,"Above_Normal"
"533",533,"12/23/2014",4,43.43,2014,12,23,1,1,0,"Above_Normal"
"534",534,"12/23/2014",5,42.98,2014,12,23,1,1,0,"Above_Normal"
"535",535,"12/23/2014",6,42.845,2014,12,23,1,1,0,"Above_Normal"
"536",536,"12/23/2014",7,44.06,2014,12,23,1,1,1,"Above_Normal"
"537",537,"12/23/2014",8,44.06,2014,12,23,1,1,1,"Above_Normal"
"538",538,"12/23/2014",9,44.96,2014,12,23,1,1,1,"Above_Normal"
"539",539,"12/23/2014",10,44.06,2014,12,23,1,1,1,"Above_Normal"
"540",540,"12/23/2014",11,44.96,2014,12,23,1,1,1,"Above_Normal"
"541",541,"12/23/2014",12,44.96,2014,12,23,1,1,1,"Above_Normal"
"542",542,"12/23/2014",13,44.72,2014,12,23,1,1,1,"Above_Normal"
"543",543,"12/23/2014",14,44.96,2014,12,23,1,1,1,"Above_Normal"
"544",544,"12/23/2014",15,44.96,2014,12,23,1,1,1,"Above_Normal"
"545",545,"12/23/2014",16,45.68,2014,12,23,1,1,1,"Above_Normal"
"546",546,"12/23/2014",17,46.04,2014,12,23,1,1,1,"Above_Normal"
"547",547,"12/23/2014",18,46.04,2014,12,23,1,1,1,"Above_Normal"
"548",548,"12/23/2014",19,46.04,2014,12,23,1,1,1,"Above_Normal"
"549",549,"12/23/2014",20,46.04,2014,12,23,1,1,0,"Optimal"
"550",550,"12/23/2014",21,42.98,2014,12,23,1,1,0,"Optimal"
"551",551,"12/23/2014",22,42.98,2014,12,23,1,1,0,"Optimal"
"552",552,"12/23/2014",23,42.08,2014,12,23,1,1,0,"Optimal"
"553",553,"12/24/2014",0,42.08,2014,12,24,2,1,0,"Above_Normal"
"554",554,"12/24/2014",1,42.08,2014,12,24,2,1,0,"Above_Normal"
"555",555,"12/24/2014",2,42.08,2014,12,24,2,1,0,"Above_Normal"
"556",556,"12/24/2014",3,42.08,2014,12,24,2,1,0,"Above_Normal"
"557",557,"12/24/2014",4,41,2014,12,24,2,1,0,"Above_Normal"
"558",558,"12/24/2014",5,41,2014,12,24,2,1,0,"Above_Normal"
"559",559,"12/24/2014",6,41,2014,12,24,2,1,0,"Above_Normal"
"560",560,"12/24/2014",7,42.08,2014,12,24,2,1,1,"Above_Normal"
"561",561,"12/24/2014",8,42.08,2014,12,24,2,1,1,"Above_Normal"
"562",562,"12/24/2014",9,42.98,2014,12,24,2,1,1,"Above_Normal"
"563",563,"12/24/2014",10,44.96,2014,12,24,2,1,1,"Above_Normal"
"564",564,"12/24/2014",11,44.96,2014,12,24,2,1,1,"Above_Normal"
"565",565,"12/24/2014",12,44.96,2014,12,24,2,1,1,"Above_Normal"
"566",566,"12/24/2014",13,44.96,2014,12,24,2,1,1,"Above_Normal"
"567",567,"12/24/2014",14,44.96,2014,12,24,2,1,1,"Above_Normal"
"568",568,"12/24/2014",15,44.96,2014,12,24,2,1,1,"Above_Normal"
"569",569,"12/24/2014",16,46.04,2014,12,24,2,1,1,"Above_Normal"
"570",570,"12/24/2014",17,44.78,2014,12,24,2,1,1,"Above_Normal"
"571",571,"12/24/2014",18,46.22,2014,12,24,2,1,1,"Above_Normal"
"572",572,"12/24/2014",19,46.04,2014,12,24,2,1,1,"Above_Normal"
"573",573,"12/24/2014",20,44.78,2014,12,24,2,1,0,"Optimal"
"574",574,"12/24/2014",21,44.78,2014,12,24,2,1,0,"Optimal"
"575",575,"12/24/2014",22,46.04,2014,12,24,2,1,0,"Optimal"
"576",576,"12/24/2014",23,44.96,2014,12,24,2,1,0,"Optimal"
"577",577,"12/25/2014",0,44.78,2014,12,25,3,1,0,"Above_Normal"
"578",578,"12/25/2014",1,44.72,2014,12,25,3,1,0,"Above_Normal"
"579",579,"12/25/2014",2,46.94,2014,12,25,3,1,0,"Above_Normal"
"580",580,"12/25/2014",3,57.92,2014,12,25,3,1,0,"Above_Normal"
"581",581,"12/25/2014",4,58.46,2014,12,25,3,1,0,"Above_Normal"
"582",582,"12/25/2014",5,57.56,2014,12,25,3,1,0,"Above_Normal"
"583",583,"12/25/2014",6,57.56,2014,12,25,3,1,0,"Above_Normal"
"584",584,"12/25/2014",7,55.67,2014,12,25,3,1,1,"Above_Normal"
"585",585,"12/25/2014",8,57.02,2014,12,25,3,1,1,"Above_Normal"
"586",586,"12/25/2014",9,53.96,2014,12,25,3,1,1,"Above_Normal"
"587",587,"12/25/2014",10,51.98,2014,12,25,3,1,1,"Above_Normal"
"588",588,"12/25/2014",11,50,2014,12,25,3,1,1,"Above_Normal"
"589",589,"12/25/2014",12,51.08,2014,12,25,3,1,1,"Above_Normal"
"590",590,"12/25/2014",13,51.08,2014,12,25,3,1,1,"Above_Normal"
"591",591,"12/25/2014",14,50,2014,12,25,3,1,1,"Above_Normal"
"592",592,"12/25/2014",15,48.02,2014,12,25,3,1,1,"Above_Normal"
"593",593,"12/25/2014",16,46.94,2014,12,25,3,1,1,"Above_Normal"
"594",594,"12/25/2014",17,46.94,2014,12,25,3,1,1,"Above_Normal"
"595",595,"12/25/2014",18,46.94,2014,12,25,3,1,1,"Above_Normal"
"596",596,"12/25/2014",19,46.04,2014,12,25,3,1,1,"Above_Normal"
"597",597,"12/25/2014",20,46.04,2014,12,25,3,1,0,"Optimal"
"598",598,"12/25/2014",21,44.96,2014,12,25,3,1,0,"Optimal"
"599",599,"12/25/2014",22,44.96,2014,12,25,3,1,0,"Optimal"
"600",600,"12/25/2014",23,44.06,2014,12,25,3,1,0,"Optimal"
"601",601,"12/26/2014",0,42.98,2014,12,26,4,1,0,"Above_Normal"
"602",602,"12/26/2014",1,42.08,2014,12,26,4,1,0,"Above_Normal"
"603",603,"12/26/2014",2,42.08,2014,12,26,4,1,0,"Above_Normal"
"604",604,"12/26/2014",3,39.92,2014,12,26,4,1,0,"Above_Normal"
"605",605,"12/26/2014",4,41,2014,12,26,4,1,0,"Above_Normal"
"606",606,"12/26/2014",5,37.94,2014,12,26,4,1,0,"Above_Normal"
"607",607,"12/26/2014",6,37.94,2014,12,26,4,1,0,"Above_Normal"
"608",608,"12/26/2014",7,39.02,2014,12,26,4,1,1,"Above_Normal"
"609",609,"12/26/2014",8,42.98,2014,12,26,4,1,1,"Above_Normal"
"610",610,"12/26/2014",9,44.96,2014,12,26,4,1,1,"Above_Normal"
"611",611,"12/26/2014",10,46.04,2014,12,26,4,1,1,"Above_Normal"
"612",612,"12/26/2014",11,46.94,2014,12,26,4,1,1,"Above_Normal"
"613",613,"12/26/2014",12,48.02,2014,12,26,4,1,1,"Above_Normal"
"614",614,"12/26/2014",13,48.92,2014,12,26,4,1,1,"Above_Normal"
"615",615,"12/26/2014",14,48.92,2014,12,26,4,1,1,"Above_Normal"
"616",616,"12/26/2014",15,48.02,2014,12,26,4,1,1,"Above_Normal"
"617",617,"12/26/2014",16,48.02,2014,12,26,4,1,1,"Above_Normal"
"618",618,"12/26/2014",17,46.04,2014,12,26,4,1,1,"Above_Normal"
"619",619,"12/26/2014",18,44.96,2014,12,26,4,1,1,"Above_Normal"
"620",620,"12/26/2014",19,44.06,2014,12,26,4,1,1,"Above_Normal"
"621",621,"12/26/2014",20,42.98,2014,12,26,4,1,0,"Optimal"
"622",622,"12/26/2014",21,42.98,2014,12,26,4,1,0,"Optimal"
"623",623,"12/26/2014",22,42.08,2014,12,26,4,1,0,"Optimal"
"624",624,"12/26/2014",23,41,2014,12,26,4,1,0,"Optimal"
"625",625,"12/27/2014",0,39.92,2014,12,27,5,0,0,"Above_Normal"
"626",626,"12/27/2014",1,39.92,2014,12,27,5,0,0,"Above_Normal"
"627",627,"12/27/2014",2,41,2014,12,27,5,0,0,"Above_Normal"
"628",628,"12/27/2014",3,41,2014,12,27,5,0,0,"Above_Normal"
"629",629,"12/27/2014",4,39.92,2014,12,27,5,0,0,"Above_Normal"
"630",630,"12/27/2014",5,41,2014,12,27,5,0,0,"Above_Normal"
"631",631,"12/27/2014",6,39.92,2014,12,27,5,0,0,"Above_Normal"
"632",632,"12/27/2014",7,41,2014,12,27,5,0,1,"Above_Normal"
"633",633,"12/27/2014",8,42.98,2014,12,27,5,0,1,"Above_Normal"
"634",634,"12/27/2014",9,44.96,2014,12,27,5,0,1,"Above_Normal"
"635",635,"12/27/2014",10,48.02,2014,12,27,5,0,1,"Above_Normal"
"636",636,"12/27/2014",11,50,2014,12,27,5,0,1,"Above_Normal"
"637",637,"12/27/2014",12,51.98,2014,12,27,5,0,1,"Above_Normal"
"638",638,"12/27/2014",13,51.8,2014,12,27,5,0,1,"Above_Normal"
"639",639,"12/27/2014",14,51.98,2014,12,27,5,0,1,"Above_Normal"
"640",640,"12/27/2014",15,50,2014,12,27,5,0,1,"Above_Normal"
"641",641,"12/27/2014",16,48.02,2014,12,27,5,0,1,"Above_Normal"
"642",642,"12/27/2014",17,46.94,2014,12,27,5,0,1,"Above_Normal"
"643",643,"12/27/2014",18,46.04,2014,12,27,5,0,1,"Above_Normal"
"644",644,"12/27/2014",19,44.96,2014,12,27,5,0,1,"Above_Normal"
"645",645,"12/27/2014",20,44.06,2014,12,27,5,0,0,"Optimal"
"646",646,"12/27/2014",21,42.98,2014,12,27,5,0,0,"Optimal"
"647",647,"12/27/2014",22,44.06,2014,12,27,5,0,0,"Optimal"
"648",648,"12/27/2014",23,42.98,2014,12,27,5,0,0,"Optimal"
"649",649,"12/28/2014",0,44.96,2014,12,28,6,0,0,"Above_Normal"
"650",650,"12/28/2014",1,44.96,2014,12,28,6,0,0,"Above_Normal"
"651",651,"12/28/2014",2,44.96,2014,12,28,6,0,0,"Above_Normal"
"652",652,"12/28/2014",3,44.96,2014,12,28,6,0,0,"Above_Normal"
"653",653,"12/28/2014",4,44.96,2014,12,28,6,0,0,"Above_Normal"
"654",654,"12/28/2014",5,44.96,2014,12,28,6,0,0,"Above_Normal"
"655",655,"12/28/2014",6,44.96,2014,12,28,6,0,0,"Above_Normal"
"656",656,"12/28/2014",7,46.04,2014,12,28,6,0,1,"Above_Normal"
"657",657,"12/28/2014",8,46.04,2014,12,28,6,0,1,"Above_Normal"
"658",658,"12/28/2014",9,46.94,2014,12,28,6,0,1,"Above_Normal"
"659",659,"12/28/2014",10,48.02,2014,12,28,6,0,1,"Above_Normal"
"660",660,"12/28/2014",11,48.92,2014,12,28,6,0,1,"Above_Normal"
"661",661,"12/28/2014",12,50,2014,12,28,6,0,1,"Above_Normal"
"662",662,"12/28/2014",13,51.08,2014,12,28,6,0,1,"Above_Normal"
"663",663,"12/28/2014",14,51.98,2014,12,28,6,0,1,"Above_Normal"
"664",664,"12/28/2014",15,48.92,2014,12,28,6,0,1,"Above_Normal"
"665",665,"12/28/2014",16,46.94,2014,12,28,6,0,1,"Above_Normal"
"666",666,"12/28/2014",17,46.94,2014,12,28,6,0,1,"Above_Normal"
"667",667,"12/28/2014",18,46.04,2014,12,28,6,0,1,"Above_Normal"
"668",668,"12/28/2014",19,44.96,2014,12,28,6,0,1,"Above_Normal"
"669",669,"12/28/2014",20,44.06,2014,12,28,6,0,0,"Optimal"
"670",670,"12/28/2014",21,42.08,2014,12,28,6,0,0,"Optimal"
"671",671,"12/28/2014",22,41,2014,12,28,6,0,0,"Optimal"
"672",672,"12/28/2014",23,39.92,2014,12,28,6,0,0,"Optimal"
"673",673,"12/29/2014",0,39.02,2014,12,29,0,1,0,"Above_Normal"
"674",674,"12/29/2014",1,37.94,2014,12,29,0,1,0,"Above_Normal"
"675",675,"12/29/2014",2,37.04,2014,12,29,0,1,0,"Above_Normal"
"676",676,"12/29/2014",3,35.96,2014,12,29,0,1,0,"Above_Normal"
"677",677,"12/29/2014",4,35.96,2014,12,29,0,1,0,"Above_Normal"
"678",678,"12/29/2014",5,35.96,2014,12,29,0,1,0,"Above_Normal"
"679",679,"12/29/2014",6,35.06,2014,12,29,0,1,0,"Above_Normal"
"680",680,"12/29/2014",7,35.06,2014,12,29,0,1,1,"Above_Normal"
"681",681,"12/29/2014",8,35.06,2014,12,29,0,1,1,"Above_Normal"
"682",682,"12/29/2014",9,39.02,2014,12,29,0,1,1,"Above_Normal"
"683",683,"12/29/2014",10,39.92,2014,12,29,0,1,1,"Above_Normal"
"684",684,"12/29/2014",11,41,2014,12,29,0,1,1,"Above_Normal"
"685",685,"12/29/2014",12,39.92,2014,12,29,0,1,1,"Above_Normal"
"686",686,"12/29/2014",13,41,2014,12,29,0,1,1,"Above_Normal"
"687",687,"12/29/2014",14,39.92,2014,12,29,0,1,1,"Above_Normal"
"688",688,"12/29/2014",15,39.92,2014,12,29,0,1,1,"Above_Normal"
"689",689,"12/29/2014",16,39.02,2014,12,29,0,1,1,"Above_Normal"
"690",690,"12/29/2014",17,37.94,2014,12,29,0,1,1,"Above_Normal"
"691",691,"12/29/2014",18,35.06,2014,12,29,0,1,1,"Above_Normal"
"692",692,"12/29/2014",19,33.08,2014,12,29,0,1,1,"Above_Normal"
"693",693,"12/29/2014",20,32,2014,12,29,0,1,0,"Optimal"
"694",694,"12/29/2014",21,30.92,2014,12,29,0,1,0,"Optimal"
"695",695,"12/29/2014",22,30.92,2014,12,29,0,1,0,"Optimal"
"696",696,"12/29/2014",23,30.02,2014,12,29,0,1,0,"Optimal"
"697",697,"12/30/2014",0,28.04,2014,12,30,1,1,0,"Above_Normal"
"698",698,"12/30/2014",1,26.96,2014,12,30,1,1,0,"Above_Normal"
"699",699,"12/30/2014",2,24.98,2014,12,30,1,1,0,"Above_Normal"
"700",700,"12/30/2014",3,24.08,2014,12,30,1,1,0,"Above_Normal"
"701",701,"12/30/2014",4,24.08,2014,12,30,1,1,0,"Above_Normal"
"702",702,"12/30/2014",5,23,2014,12,30,1,1,0,"Above_Normal"
"703",703,"12/30/2014",6,23,2014,12,30,1,1,0,"Above_Normal"
"704",704,"12/30/2014",7,23,2014,12,30,1,1,1,"Above_Normal"
"705",705,"12/30/2014",8,24.08,2014,12,30,1,1,1,"Above_Normal"
"706",706,"12/30/2014",9,24.98,2014,12,30,1,1,1,"Above_Normal"
"707",707,"12/30/2014",10,26.06,2014,12,30,1,1,1,"Above_Normal"
"708",708,"12/30/2014",11,26.96,2014,12,30,1,1,1,"Above_Normal"
"709",709,"12/30/2014",12,28.04,2014,12,30,1,1,1,"Above_Normal"
"710",710,"12/30/2014",13,28.94,2014,12,30,1,1,1,"Above_Normal"
"711",711,"12/30/2014",14,30.02,2014,12,30,1,1,1,"Above_Normal"
"712",712,"12/30/2014",15,28.94,2014,12,30,1,1,1,"Above_Normal"
"713",713,"12/30/2014",16,28.04,2014,12,30,1,1,1,"Above_Normal"
"714",714,"12/30/2014",17,26.96,2014,12,30,1,1,1,"Above_Normal"
"715",715,"12/30/2014",18,26.06,2014,12,30,1,1,1,"Above_Normal"
"716",716,"12/30/2014",19,24.98,2014,12,30,1,1,1,"Above_Normal"
"717",717,"12/30/2014",20,24.98,2014,12,30,1,1,0,"Optimal"
"718",718,"12/30/2014",21,24.08,2014,12,30,1,1,0,"Optimal"
"719",719,"12/30/2014",22,23,2014,12,30,1,1,0,"Optimal"
"720",720,"12/30/2014",23,21.92,2014,12,30,1,1,0,"Optimal"
"721",721,"12/31/2014",0,21.02,2014,12,31,2,1,0,"Above_Normal"
"722",722,"12/31/2014",1,19.94,2014,12,31,2,1,0,"Above_Normal"
"723",723,"12/31/2014",2,19.94,2014,12,31,2,1,0,"Above_Normal"
"724",724,"12/31/2014",3,19.94,2014,12,31,2,1,0,"Above_Normal"
"725",725,"12/31/2014",4,19.94,2014,12,31,2,1,0,"Above_Normal"
"726",726,"12/31/2014",5,19.94,2014,12,31,2,1,0,"Above_Normal"
"727",727,"12/31/2014",6,19.94,2014,12,31,2,1,0,"Above_Normal"
"728",728,"12/31/2014",7,21.02,2014,12,31,2,1,1,"Above_Normal"
"729",729,"12/31/2014",8,24.08,2014,12,31,2,1,1,"Above_Normal"
"730",730,"12/31/2014",9,26.06,2014,12,31,2,1,1,"Above_Normal"
"731",731,"12/31/2014",10,28.04,2014,12,31,2,1,1,"Above_Normal"
"732",732,"12/31/2014",11,28.94,2014,12,31,2,1,1,"Above_Normal"
"733",733,"12/31/2014",12,28.94,2014,12,31,2,1,1,"Above_Normal"
"734",734,"12/31/2014",13,28.94,2014,12,31,2,1,1,"Above_Normal"
"735",735,"12/31/2014",14,28.94,2014,12,31,2,1,1,"Above_Normal"
"736",736,"12/31/2014",15,28.04,2014,12,31,2,1,1,"Above_Normal"
"737",737,"12/31/2014",16,26.96,2014,12,31,2,1,1,"Above_Normal"
"738",738,"12/31/2014",17,26.06,2014,12,31,2,1,1,"Above_Normal"
"739",739,"12/31/2014",18,26.06,2014,12,31,2,1,1,"Above_Normal"
"740",740,"12/31/2014",19,24.98,2014,12,31,2,1,1,"Above_Normal"
"741",741,"12/31/2014",20,24.98,2014,12,31,2,1,0,"Optimal"
"742",742,"12/31/2014",21,23,2014,12,31,2,1,0,"Optimal"
"743",743,"12/31/2014",22,21.92,2014,12,31,2,1,0,"Optimal"
"744",744,"12/31/2014",23,21.92,2014,12,31,2,1,0,"Optimal"
